snp1,snp2,snp3,snp4,snp5,snp6,snp7,snp8,class
AA,CC,TT,TT,CC,CC,GG,AA,CASE
AA,?,TT,TT,CC,CC,GG,AA,CASE
AA,CC,TT,TT,?,CC,GG,AA,CASE
CA,CC,TT,AA,TT,TT,AA,AA,CTRL
AA,CC,TT,AA,CC,CC,GG,AA,CASE
AA,CC,TT,AA,CC,CC,GG,AA,CASE
AA,?,TT,TT,CC,CC,GG,AA,CASE
AA,CC,TT,AA,CC,CC,GG,AA,CTRL
AA,CC,TT,?,CC,CC,GG,AA,CASE
AA,TC,TT,TT,CC,CC,GG,AA,CASE
AA,CC,TT,?,CC,?,GG,AA,CASE
AA,CC,TT,AA,CC,CC,GG,AA,CTRL
CA,CC,TT,AA,CC,CC,GG,AA,CTRL
AA,CC,TT,AA,CC,CC,GG,AA,CTRL
AA,CC,TT,AA,CC,CC,GG,AA,CTRL
CA,TC,TT,TT,CC,CC,GG,AA,CTRL
AA,CC,TT,TT,CC,CC,GG,AA,CASE
AA,CC,TT,TT,CC,CC,GG,AA,CASE
AA,CC,TT,TT,CC,CC,GG,AA,CTRL
AA,CC,TT,TT,CC,CC,GG,AA,CASE
AA,CC,TT,TT,CC,TT,GG,AA,CASE
CA,CC,TT,AA,CC,CC,GG,AA,CTRL
AA,CC,TT,AA,CC,CC,GG,AA,CASE
CA,CC,TT,AA,CC,CC,GG,AA,CASE
AA,CC,TT,TT,CC,CC,GG,AA,CASE
AA,CC,TT,TT,CC,CC,GG,AA,CASE
AA,?,TT,AA,TT,TT,AA,AA,CTRL
AA,CC,TT,AA,CC,CC,GG,AA,CTRL
AA,CC,TT,AA,CC,TT,GG,AA,CASE
CA,CC,TT,TT,CC,CC,GG,AA,CTRL
AA,CC,TT,TT,TT,CC,GG,AA,CASE
AA,CC,TT,AA,CC,CC,GG,AA,CTRL
AA,CC,TT,AA,CC,CC,GG,AA,CTRL
AA,TC,TT,AA,CC,CC,GG,AA,CTRL
CA,TT,TT,TT,CC,CC,GG,AA,CASE
AA,TT,CC,AA,TT,TT,GG,CC,CTRL
AA,TC,TT,AA,CC,CC,GG,AA,CASE
CA,CC,TT,AA,TT,TT,AA,AA,CTRL
AA,CC,TT,TT,CC,CC,GG,AA,CASE
AA,CC,TT,TT,CC,CC,GG,AA,CASE
AA,CC,TT,TT,?,CC,GG,AA,CASE
AA,CC,TT,AA,CC,TT,GG,AA,CASE
AA,CC,TT,TT,CC,?,GG,AA,CASE
AA,CC,TT,TT,CC,CC,GG,AA,CASE
AA,CC,TT,TT,CC,TT,GG,AA,CASE
AA,TC,TT,TT,CC,CC,GG,AA,CTRL
AA,CC,TT,TT,CC,CC,GG,AA,CTRL
AA,TT,TT,AA,CC,CC,GG,AA,CASE
AA,TC,TT,?,TT,TT,AA,AA,CTRL
AA,CC,TT,AA,CC,CC,GG,AA,CASE
AA,CC,TT,AA,CC,TT,GG,AA,CASE
AA,CC,TT,TT,CC,CC,GG,AA,CTRL
AA,CC,TT,TT,CC,CC,GG,AA,CASE
CA,CC,TT,TT,CC,CC,GG,AA,CTRL
AA,CC,TT,TT,CC,CC,GG,AA,CTRL
AA,TC,TT,TT,CC,TT,GG,AA,CTRL
AA,CC,TT,TT,CC,CC,GG,AA,CASE
AA,CC,TT,AA,CC,CC,GG,AA,CTRL
AA,CC,TT,AA,CC,CC,GG,AA,CASE
CA,CC,TT,TT,CC,CC,GG,AA,CTRL
AA,CC,TT,AA,CC,TT,AA,AA,CASE
AA,CC,TT,TT,CC,CC,GG,AA,CASE
AA,CC,TT,AA,CC,TT,GG,AA,CASE
AA,CC,TT,TT,CC,CC,GG,AA,CASE
AA,CC,TT,AA,CC,CC,GG,AA,CASE
AA,TC,TT,TT,CC,CC,GG,AA,CASE
AA,CC,TT,TT,CC,CC,GG,AA,CASE
AA,TT,TT,TT,TT,TT,AA,AA,CASE
CA,CC,TT,AA,CC,CC,GG,AA,CTRL
AA,CC,CC,AA,TT,TT,GG,CC,CTRL
AA,CC,TT,TT,CC,CC,GG,AA,CASE
AA,CC,TT,TT,?,TT,GG,AA,CASE
AA,TC,TT,TT,CC,TT,GG,AA,CASE
CA,CC,TT,AA,CC,CC,GG,AA,CTRL
AA,CC,TT,TT,CC,TT,GG,AA,CTRL
AA,CC,CC,TT,TT,TT,GG,CC,CTRL
AA,CC,TT,TT,CC,CC,GG,AA,CASE
AA,CC,TT,AA,CC,CC,GG,AA,CASE
AA,TC,TT,TT,CC,CC,GG,AA,CTRL
AA,CC,TT,AA,CC,CC,GG,AA,CASE
CA,CC,TT,TT,CC,CC,GG,AA,CASE
AA,CC,TT,TT,TT,CC,GG,AA,CTRL
AA,TC,TT,AA,CC,TT,GG,AA,CASE
AA,CC,TT,TT,CC,CC,GG,AA,CASE
?,CC,TT,AA,CC,CC,GG,AA,CASE
AA,CC,TT,AA,CC,TT,AA,AA,CTRL
AA,CC,TT,AA,CC,CC,GG,AA,CASE
AA,?,TT,TT,CC,CC,GG,AA,CTRL
AA,CC,TT,TT,CC,?,GG,AA,CTRL
AA,CC,TT,TT,CC,CC,GG,AA,CTRL
AA,CC,TT,TT,CC,CC,GG,AA,CASE
AA,CC,TT,TT,CC,TT,GG,AA,CASE
AA,CC,TT,TT,CC,CC,GG,AA,CTRL
AA,CC,TT,TT,CC,CC,GG,CC,CASE
AA,CC,TT,AA,TT,TT,AA,AA,CTRL
AA,CC,TT,AA,CC,CC,GG,AA,CTRL
AA,TC,TT,TT,CC,CC,GG,AA,CTRL
?,TC,TT,TT,TT,CC,GG,AA,CASE
AA,CC,TT,AA,CC,CC,GG,AA,CASE
AA,CC,TT,AA,CC,TT,GG,AA,CTRL
AA,CC,TT,AA,CC,TT,GG,AA,CASE
AA,CC,TT,AA,TT,TT,AA,AA,CASE
AA,CC,TT,AA,CC,CC,GG,AA,CASE
AA,CC,TT,AA,CC,CC,GG,AA,CASE
AA,CC,TT,AA,CC,CC,GG,AA,CASE
AA,CC,TT,TT,TT,CC,GG,AA,CASE
AA,?,TT,TT,CC,TT,GG,AA,CASE
AA,CC,TT,TT,CC,TT,GG,AA,CTRL
CA,CC,TT,AA,CC,CC,GG,AA,CASE
?,CC,TT,AA,CC,CC,GG,AA,CTRL
AA,CC,TT,TT,CC,CC,GG,AA,CTRL
AA,TC,TT,TT,CC,?,GG,AA,CASE
CA,CC,TT,AA,TT,TT,AA,AA,CASE
CA,CC,TT,AA,CC,TT,GG,AA,CTRL
AA,?,TT,AA,CC,CC,GG,AA,CTRL
CA,TC,TT,TT,CC,CC,GG,AA,CTRL
AA,TT,TT,TT,CC,TT,GG,AA,CASE
CC,CC,TT,TT,CC,CC,GG,AA,CASE
AA,TC,TT,AA,CC,CC,GG,AA,CASE
AA,CC,TT,TT,CC,CC,GG,AA,CASE
?,CC,TT,AA,CC,CC,GG,AA,CTRL
AA,CC,TT,AA,CC,CC,GG,AA,CASE
CA,CC,TT,AA,?,CC,AA,AA,CTRL
CA,CC,TT,AA,CC,CC,GG,AA,CTRL
AA,CC,TT,AA,CC,TT,GG,AA,CASE
AA,CC,TT,TT,CC,CC,GG,AA,CTRL
AA,CC,TT,TT,CC,TT,GG,AA,CASE
AA,CC,TT,AA,TT,TT,AA,AA,CASE
CA,CC,TT,AA,TT,TT,AA,AA,CASE
AA,CC,TT,AA,CC,CC,GG,AA,CTRL
AA,CC,TT,AA,CC,CC,GG,AA,CTRL
AA,CC,TT,AA,CC,TT,GG,AA,CASE
AA,CC,TT,TT,CC,CC,GG,CC,CTRL
AA,?,TT,TT,CC,CC,GG,AA,CASE
AA,CC,TT,AA,CC,CC,GG,AA,CASE
CA,CC,TT,TT,CC,TT,GG,AA,CASE
AA,CC,TT,TT,CC,CC,GG,AA,CTRL
AA,CC,TT,TT,CC,TT,GG,AA,CASE
AA,TC,CC,TT,TT,TT,GG,CC,CTRL
AA,CC,TT,TT,CC,CC,GG,AA,CTRL
AA,CC,TT,TT,CC,CC,GG,AA,CASE
AA,CC,CC,AA,TT,TT,GG,CC,CASE
AA,CC,TT,TT,CC,CC,GG,AA,CTRL
AA,CC,TT,TT,CC,CC,GG,AA,CTRL
AA,CC,TT,TT,CC,CC,GG,AA,CASE
AA,?,TT,TT,CC,CC,GG,AA,CTRL
AA,CC,TT,TT,CC,CC,GG,AA,CASE
AA,CC,TT,TT,TT,CC,GG,AA,CASE
AA,CC,CC,AA,TT,TT,GG,CC,CTRL
