snp1,snp2,snp3,snp4,snp5,class
CC,AA,CC,AA,TC,CTRL
CC,?,CC,AA,CC,CTRL
CC,AA,CC,?,TC,CTRL
CC,?,CC,AA,CC,CTRL
CC,?,CC,AA,CC,CTRL
CC,AA,CC,AA,CC,CTRL
TC,AA,CC,AA,CC,CTRL
CC,AA,CC,AA,TC,CTRL
CC,AA,CC,AA,TC,CTRL
CC,AA,CC,AA,TC,CTRL
TT,CA,CC,AA,CC,CASE
TT,CA,CC,AA,TC,CASE
CC,AA,CC,AA,CC,CTRL
CC,AA,CC,AA,CC,CTRL
CC,AA,CC,AA,CC,CASE
CC,AA,CC,AA,TC,CASE
CC,AA,AC,AA,CC,CTRL
CC,AA,CC,AA,CC,CTRL
CC,AA,CC,AA,CC,CTRL
CC,AA,AC,TT,TT,CASE
CC,AA,CC,AA,TT,CTRL
CC,CA,CC,AA,TT,CASE
CC,AA,CC,AA,CC,CTRL
CC,AA,CC,AA,?,CASE
CC,AA,AC,TT,TC,CASE
CC,AA,CC,AA,TC,CASE
CC,CA,AC,AA,CC,CTRL
CC,AA,CC,AA,CC,CASE
CC,AA,CC,AA,CC,CTRL
CC,CA,CC,AA,TC,CTRL
CC,AA,CC,AA,CC,CTRL
CC,AA,CC,AA,TT,CTRL
CC,AA,CC,AA,CC,CASE
CC,AA,CC,AA,CC,CTRL
CC,AA,CC,AA,TC,CASE
CC,AA,CC,AA,TT,CASE
CC,?,CC,?,CC,CTRL
CC,AA,CC,AA,CC,CTRL
CC,AA,?,AA,CC,CTRL
?,AA,CC,AA,CC,CASE
CC,AA,AC,AA,TC,CASE
CC,AA,AC,AA,?,CASE
CC,AA,?,AA,TC,CASE
CC,AA,CC,AA,CC,CASE
CC,?,CC,AA,TC,CTRL
CC,AA,CC,AA,CC,CTRL
CC,AA,CC,AA,TC,CTRL
CC,AA,CC,AA,TT,CTRL
CC,AA,CC,AA,CC,CTRL
CC,AA,CC,AA,?,CTRL
CC,AA,CC,AA,CC,CTRL
CC,AA,CC,AA,TC,CTRL
CC,AA,CC,AA,TC,CTRL
CC,CA,CC,AA,CC,CTRL
CC,AA,CC,AA,TC,CASE
TC,CC,CC,AA,CC,CTRL
CC,CA,CC,AA,CC,CASE
CC,AA,CC,AA,CC,CTRL
CC,AA,AC,AA,TC,CASE
CC,AA,CC,AA,TC,CTRL
CC,AA,CC,AA,CC,CTRL
CC,AA,AC,AA,TC,CTRL
CC,AA,CC,AA,CC,CTRL
CC,AA,CC,AA,CC,CASE
CC,AA,CC,AA,?,CASE
CC,AA,CC,AA,TC,CASE
CC,AA,CC,AA,TC,CASE
CC,CA,CC,AA,TC,CASE
CC,AA,CC,AA,CC,CTRL
CC,CA,AC,AA,TC,CTRL
CC,AA,CC,AA,CC,CTRL
CC,AA,CC,AA,CC,CTRL
CC,AA,CC,AA,CC,CTRL
CC,AA,CC,?,TC,CTRL
?,CA,CC,AA,CC,CASE
?,CA,CC,AA,TC,CASE
?,AA,AC,AA,TC,CASE
?,AA,CC,AA,CC,CASE
CC,AA,AC,AA,TC,CTRL
CC,CA,CC,AA,TC,CTRL
CC,AA,CC,AA,TC,CASE
CC,AA,CC,AA,CC,CTRL
CC,CA,CC,AA,TC,CTRL
CC,AA,CC,AA,CC,CASE
CC,AA,CC,AA,CC,CTRL
CC,AA,CC,AA,CC,CTRL
CC,AA,CC,AA,TC,CTRL
?,CA,CC,AA,CC,CASE
CC,AA,CC,AA,CC,CTRL
CC,AA,CC,AA,TC,CTRL
CC,AA,CC,AA,CC,CTRL
CC,AA,CC,AA,TT,CTRL
CC,AA,CC,AA,CC,CTRL
CC,AA,CC,AA,TC,CTRL
CC,AA,CC,AA,CC,CTRL
CC,AA,CC,AA,TT,CTRL
CC,AA,CC,AA,CC,CTRL
CC,AA,CC,AA,TC,CTRL
CC,AA,CC,AA,CC,CASE
CC,AA,CC,AA,TC,CTRL
CC,AA,CC,AA,CC,CTRL
CC,AA,CC,AA,TC,CASE
CC,AA,CC,AA,CC,CASE
CC,AA,CC,AA,CC,CTRL
CC,AA,CC,AA,TC,CTRL
CC,AA,CC,AA,TC,CTRL
CC,AA,CC,AA,CC,CTRL
CC,AA,CC,AA,TC,CTRL
CC,AA,CC,AA,TT,CTRL
CC,AA,CC,AA,CC,CASE
CC,CA,CC,AA,TC,CASE
CC,AA,CC,AA,CC,CTRL
CC,AA,CC,AA,TC,CTRL
CC,AA,CC,AA,TC,CTRL
CC,AA,CC,AA,TC,CTRL
CC,AA,CC,AA,TT,CASE
CC,AA,CC,AA,CC,CTRL
?,CA,CC,AA,CC,CASE
CC,AA,CC,TA,TC,CTRL
CC,AA,CC,AA,TC,CASE
CC,AA,CC,AA,TC,CTRL
CC,AA,CC,AA,CC,CTRL
CC,AA,CC,AA,?,CTRL
CC,AA,CC,AA,CC,CTRL
CC,AA,CC,AA,CC,CTRL
CC,AA,CC,AA,CC,CTRL
CC,AA,CC,AA,CC,CASE
CC,AA,CC,AA,TC,CTRL
CC,AA,CC,AA,TC,CASE
CC,AA,CC,AA,TT,CTRL
CC,AA,CC,AA,CC,CTRL
CC,AA,CC,AA,CC,CTRL
CC,AA,CC,AA,CC,CTRL
CC,AA,CC,AA,CC,CTRL
?,AA,CC,AA,CC,CASE
CC,AA,CC,AA,CC,CTRL
CC,AA,CC,AA,CC,CASE
CC,AA,CC,AA,CC,CASE
CC,AA,CC,AA,TC,CTRL
CC,AA,CC,AA,CC,CTRL
CC,AA,CC,AA,CC,CTRL
CC,AA,CC,AA,CC,CTRL
CC,AA,CC,AA,CC,CASE
CC,AA,CC,AA,CC,CTRL
CC,AA,CC,?,CC,CTRL
CC,AA,CC,AA,CC,CTRL
CC,AA,CC,AA,CC,CTRL
CC,AA,CC,AA,TT,CASE
