snp1,snp2,snp3,snp4,snp5,snp6,snp7,snp8,snp9,snp10,snp11,snp12,snp13,snp14,snp15,snp16,snp17,class
TC,TT,GG,AG,?,?,GG,AG,GG,AA,CC,AA,CC,CC,AA,GG,?,CASE
?,TT,?,AG,GG,?,AA,GG,GG,AA,CC,AA,TT,TT,AA,GG,AA,CASE
TC,TT,GG,AA,?,TC,GG,GG,GG,AA,CC,AA,CC,CC,AA,GG,GG,CASE
?,TT,GG,AG,GG,CC,GG,AG,GG,AA,TC,AA,CC,CC,AA,GG,GG,CTRL
CC,TT,GG,AG,GG,CC,GG,AG,GG,AA,TC,AA,CC,CC,AA,GG,GG,CASE
CC,?,GG,AG,GG,CC,GG,AA,GG,AA,CC,AA,CC,CC,AA,GG,GG,CTRL
CC,TT,GG,GG,GG,CC,GG,GG,GG,AA,CC,AA,CC,CC,AA,GG,GG,CTRL
CC,TT,GG,GG,GG,CC,?,AG,GG,AA,CC,AA,CC,CC,AA,GG,GG,CTRL
CC,TT,GG,AG,GG,CC,GG,AG,GG,AA,CC,AA,CC,CC,AA,GG,GG,CTRL
CC,TT,GG,AG,GG,CC,GG,AA,GG,AA,CC,AA,CC,CC,AA,?,GG,CASE
TC,TT,?,GG,GG,CC,GG,AG,GG,AA,CC,?,CC,CC,AA,GG,GG,CTRL
CC,TT,GG,AG,GG,CC,GG,GG,GG,AA,TC,AA,CC,CC,AA,GG,GG,CTRL
CC,?,GG,AG,GG,CC,?,AG,GG,AA,CC,AA,CC,CC,AA,GG,GG,CTRL
CC,TT,GG,GG,GG,CC,?,AA,GG,AA,CC,AA,CC,CC,AA,GG,GG,CTRL
CC,TT,GG,GG,GG,CC,GG,AG,TG,AA,TT,AA,CC,CC,AA,GG,GG,CTRL
CC,TT,GG,GG,GG,CC,GG,AG,GG,AA,CC,AA,CC,CC,AA,?,GG,CASE
CC,TT,GG,AG,GG,CC,GG,AG,GG,AA,?,AA,CC,CC,AA,GG,AA,CASE
CC,TT,GG,AG,GG,CC,GG,AG,GG,AA,CC,AA,CC,CC,AA,GG,GG,CTRL
CC,TT,GG,GG,GG,CC,GG,GG,GG,AA,CC,AA,CC,CC,AA,GG,GG,CTRL
CC,TT,GG,GG,GG,CC,GG,AG,GG,AA,TC,AA,CC,CC,AA,GG,GG,CTRL
CC,?,GG,AG,GG,CC,GG,GG,GG,AA,CC,AA,CC,CC,AA,GG,GG,CTRL
?,TT,GG,GG,GG,CC,GG,GG,GG,AA,CC,AA,CC,CC,AA,GG,GG,CTRL
CC,TT,GG,GG,GG,CC,GG,AG,GG,AA,CC,AA,CC,CC,AA,GG,GG,CTRL
CC,TT,GG,AA,?,?,GG,AG,GG,AA,CC,AA,CC,CC,AA,GG,GG,CASE
CC,TT,GG,GG,GG,CC,GG,AA,GG,AA,TC,AA,CC,CC,AA,GG,GG,CTRL
CC,TT,GG,?,GG,CC,GG,AG,TG,AA,?,AA,CC,CC,AA,GG,GG,CTRL
CC,TT,GG,GG,GG,?,GG,AA,TG,AA,TT,AA,CC,CC,AA,GG,GG,CTRL
CC,TT,GG,AG,GG,CC,GG,AA,GG,AA,TC,AA,CC,CC,AA,GG,GG,CTRL
CC,TT,GG,GG,GG,CC,GG,AG,GG,AA,TT,AA,CC,CC,AA,GG,GG,CTRL
CC,TT,GG,GG,GG,CC,GG,AA,GG,AA,TC,AA,CC,CC,AA,GG,GG,CTRL
CC,TT,GG,GG,GG,CC,GG,AG,GG,AA,CC,AA,CC,CC,AA,?,GG,CTRL
CC,TT,GG,AA,GG,CC,GG,AA,GG,AA,CC,AA,CC,CC,?,AA,GG,CASE
CC,TT,GG,AG,GG,CC,GG,AG,GG,AA,CC,AA,CC,CC,AA,GG,GG,CASE
CC,TT,GG,AG,GG,CC,GG,AA,GG,AA,TC,AA,CC,CC,AA,GG,GG,CTRL
CC,TT,GG,AA,GG,CC,GG,GG,GG,AA,TC,AA,CC,CC,AA,GG,GG,CASE
CC,TT,GG,GG,GG,CC,GG,AG,TG,AA,TT,AA,CC,CC,AA,GG,GG,CTRL
CC,TT,GG,GG,GG,CC,GG,AA,TG,AA,TT,AA,CC,CC,AA,AA,GG,CASE
CC,TT,?,AG,GG,CC,AA,GG,GG,AA,TC,AA,TT,TT,AA,GG,AA,CASE
CC,TT,AA,GG,GG,CC,AA,GG,GG,AA,CC,AA,TT,TT,AA,GG,AA,CASE
CC,?,GG,?,GG,CC,GG,AA,GG,AA,TC,AA,CC,CC,AA,GG,GG,CTRL
CC,TT,GG,GG,GG,CC,GG,AG,GG,AA,CC,AA,CC,CC,AA,GG,GG,CTRL
CC,TT,GG,AG,GG,CC,?,AG,GG,AA,CC,AA,CC,CC,AA,GG,GG,CTRL
CC,TT,GG,AG,GG,?,GG,AA,GG,?,TC,AA,CC,CC,AA,GG,GG,CTRL
CC,TT,GG,AG,GG,CC,GG,AA,GG,AA,TC,AA,CC,CC,AA,GG,GG,CTRL
TC,TT,GG,AA,GG,CC,GG,AG,GG,AA,TC,AA,CC,CC,AA,GG,GG,CASE
?,TT,GG,GG,GG,CC,GG,AG,GG,AA,CC,AA,CC,CC,AA,GG,GG,CTRL
CC,?,GG,AA,GG,CC,GG,AG,TG,AA,TC,AA,CC,CC,AA,GG,GG,CTRL
CC,TT,GG,AG,GG,CC,GG,AG,TG,AA,CC,AA,CC,CC,AA,GG,GG,CASE
CC,TT,GG,GG,GG,CC,GG,AG,GG,AA,TC,AA,CC,CC,GG,GG,GG,CASE
CC,TT,GG,AG,GG,CC,GG,AA,GG,AA,CC,AA,CC,CC,AA,GG,GG,CASE
?,TT,GG,GG,GG,CC,GG,AG,TG,AA,TC,AA,CC,CC,AA,GG,GG,CTRL
?,TT,GG,GG,GG,CC,GG,AA,GG,?,CC,AA,CC,CC,AA,GG,GG,CASE
CC,TT,GG,GG,GG,CC,GG,GG,GG,AA,CC,AA,CC,CC,AA,GG,GG,CTRL
CC,TT,GG,AA,GG,CC,GG,AA,TG,AA,TC,AA,CC,CC,AA,GG,GG,CASE
CC,TT,GG,AG,GG,CC,GG,AG,GG,AA,CC,AA,CC,CC,AA,GG,GG,CASE
CC,TT,GG,AG,GG,CC,GG,AG,GG,AA,CC,AA,CC,CC,AA,GG,GG,CASE
CC,?,GG,GG,GG,CC,GG,AG,GG,AA,CC,AA,CC,CC,AA,GG,GG,CASE
CC,TT,GG,GG,GG,CC,GG,GG,TG,AA,TC,AA,CC,CC,AA,GG,GG,CTRL
CC,?,GG,AG,GG,CC,AG,AG,GG,AA,TC,AA,CC,CC,AA,GG,GG,CASE
CC,TT,GG,AG,GG,CC,GG,AG,GG,AA,?,AA,CC,CC,AA,GG,GG,CTRL
CC,?,?,AA,GG,CC,GG,AG,TG,?,CC,AA,CC,CC,AA,GG,GG,CTRL
CC,TT,GG,AG,GG,CC,GG,AG,GG,AA,CC,AA,CC,CC,AA,GG,GG,CTRL
TC,TT,GG,AG,?,TT,GG,GG,GG,AA,CC,AA,CC,CC,AA,GG,AA,CASE
CC,TT,AG,GG,GG,CC,AA,GG,GG,AA,CC,AA,?,TT,AA,GG,GG,CASE
TC,TT,GG,AA,?,TT,GG,GG,GG,AA,CC,AA,CC,CC,AA,?,AA,CASE
CC,TT,GG,GG,GG,CC,GG,AG,GG,AA,TC,AA,CC,CC,AA,GG,GG,CTRL
CC,?,GG,AG,GG,CC,GG,AG,GG,AA,TC,AA,CC,CC,AA,GG,GG,CTRL
CC,TT,GG,AG,GG,CC,GG,GG,GG,AA,CC,AA,CC,CC,GG,GG,GG,CASE
TT,TT,?,AG,GG,CC,GG,GG,GG,AA,CC,AA,CC,CC,AA,AA,GG,CASE
CC,TT,GG,?,GG,CC,GG,GG,GG,AA,TC,AA,CC,CC,AA,GG,GG,CASE
CC,TT,GG,GG,GG,CC,GG,AG,TG,AA,CC,AA,CC,CC,AA,GG,GG,CASE
CC,TT,GG,AG,GG,CC,GG,AA,GG,AA,CC,AA,CC,CC,AA,GG,GG,CTRL
CC,TT,GG,GG,GG,CC,GG,GG,GG,AA,TT,AA,CC,CC,AA,GG,GG,CASE
CC,TT,AA,AG,GG,CC,AA,AG,GG,?,TC,AA,TT,TT,AA,GG,AA,CASE
CC,TT,GG,AG,GG,CC,GG,GG,GG,AA,CC,AA,CC,CC,AA,GG,GG,CASE
CC,TT,?,AG,GG,CC,?,AG,GG,AA,CC,AA,TT,TT,AA,GG,AA,CASE
CC,TT,AA,GG,GG,CC,AA,AG,GG,AA,?,AA,TT,TT,AA,GG,AA,CASE
CC,TT,GG,AG,GG,CC,GG,GG,GG,AA,TC,AA,CC,CC,AA,GG,GG,CASE
CC,TT,GG,GG,GG,CC,?,AG,GG,AA,CC,AA,CC,CC,AA,GG,GG,CASE
CC,TT,GG,GG,GG,CC,GG,GG,GG,?,TC,AA,CC,CC,AA,GG,GG,CTRL
CC,TT,GG,AG,GG,CC,GG,AG,GG,AA,CC,AA,CC,CC,AA,GG,GG,CTRL
CC,TT,GG,AA,GG,CC,GG,GG,GG,AA,TC,AA,CC,CC,AA,GG,GG,CASE
CC,TT,GG,GG,GG,CC,GG,AG,GG,AA,CC,AA,CC,CC,AA,GG,GG,CTRL
?,TT,GG,AG,GG,TT,GG,GG,GG,AA,TC,AA,CC,CC,AA,GG,AA,CASE
CC,TT,GG,GG,GG,CC,GG,AA,GG,AA,CC,AA,CC,CC,AA,GG,GG,CTRL
CC,TT,GG,GG,GG,CC,GG,AG,?,AA,CC,AA,CC,CC,AA,GG,GG,CTRL
CC,TT,GG,AA,GG,CC,GG,AG,GG,AA,TC,AA,CC,CC,AA,GG,GG,CASE
CC,TT,GG,GG,GG,?,GG,AG,GG,AA,CC,AA,CC,CC,AA,GG,GG,CTRL
CC,TT,GG,GG,GG,CC,GG,AA,GG,AA,CC,AA,CC,CC,AA,GG,GG,CTRL
CC,TT,GG,AG,GG,CC,GG,AA,TG,AA,TT,AA,CC,CC,AA,GG,GG,CASE
CC,TT,GG,GG,GG,CC,GG,AG,GG,AA,TC,AA,CC,CC,AA,GG,GG,CASE
CC,TT,GG,AA,GG,CC,?,GG,GG,AA,TC,AA,CC,CC,AA,GG,GG,CASE
TC,TT,GG,AG,GG,CC,GG,AG,GG,AA,CC,AA,CC,CC,AA,GG,GG,CASE
?,TT,GG,AA,?,TT,GG,GG,GG,AA,CC,AA,CC,CC,AA,GG,AA,CASE
CC,TT,GG,GG,GG,CC,GG,GG,GG,AA,TC,AA,CC,CC,AA,GG,GG,CASE
CC,TT,GG,GG,GG,CC,GG,AG,TG,AA,TC,AA,CC,CC,AA,GG,GG,CTRL
?,TT,GG,GG,GG,CC,GG,AA,GG,?,CC,AA,CC,CC,AA,GG,GG,CTRL
TC,TT,?,AA,?,?,GG,AG,GG,AA,CC,AA,CC,CC,AA,GG,GG,CASE
CC,TT,GG,GG,GG,CC,GG,AG,GG,AA,CC,AA,CC,CC,AA,GG,GG,CASE
CC,TT,GG,AG,GG,CC,GG,AA,TG,AA,TC,AA,CC,CC,AA,GG,GG,CASE
CC,TT,GG,AG,GG,CC,GG,AA,TG,AA,CC,AA,CC,CC,AA,GG,GG,CASE
CC,TT,GG,GG,?,CC,GG,GG,GG,AA,CC,AA,CC,CC,AA,GG,GG,CTRL
CC,TT,GG,AA,GG,CC,GG,GG,GG,AA,CC,AA,CC,CC,GG,GG,GG,CASE
CC,TT,GG,GG,GG,CC,GG,AA,GG,AA,TC,AA,CC,CC,AA,GG,GG,CTRL
TT,CC,GG,AG,GG,CC,GG,AG,GG,TA,TC,TT,CC,CC,AA,GG,GG,CASE
?,TT,?,AA,GG,CC,GG,GG,GG,AA,TC,AA,CC,CC,AA,GG,GG,CASE
CC,?,GG,AG,GG,CC,GG,AG,GG,AA,TC,AA,CC,CC,GG,GG,GG,CASE
CC,TT,GG,GG,GG,CC,GG,AA,TG,AA,TC,AA,CC,CC,AA,GG,GG,CTRL
CC,TT,?,?,GG,CC,GG,AA,TG,AA,CC,AA,CC,CC,AA,GG,GG,CTRL
CC,TT,GG,GG,GG,CC,GG,AA,GG,AA,CC,AA,CC,CC,AA,GG,GG,CTRL
CC,TT,GG,AG,GG,CC,GG,GG,TG,AA,CC,AA,CC,CC,AA,GG,GG,CTRL
CC,TT,GG,AG,GG,CC,GG,AA,GG,AA,CC,AA,CC,CC,AA,GG,GG,CASE
CC,TT,GG,GG,GG,CC,GG,GG,GG,AA,TC,AA,CC,CC,AA,GG,GG,CASE
CC,TT,GG,GG,GG,CC,GG,GG,GG,AA,TC,AA,CC,CC,AA,GG,GG,CTRL
CC,TT,GG,AG,GG,CC,GG,AG,GG,AA,CC,AA,CC,CC,AA,GG,AA,CASE
CC,TT,AA,GG,GG,?,AA,AG,GG,AA,CC,AA,TT,TT,AA,GG,AA,CASE
CC,?,GG,AA,GG,CC,GG,AA,GG,AA,CC,AA,CC,CC,AA,GG,GG,CTRL
CC,TT,?,?,GG,CC,GG,AG,GG,AA,TT,AA,CC,CC,AA,?,GG,CASE
CC,TT,GG,GG,GG,CC,GG,AA,GG,AA,CC,AA,CC,CC,AA,GG,GG,CTRL
CC,TT,GG,GG,GG,CC,GG,AG,GG,AA,TC,AA,CC,CC,AA,GG,GG,CTRL
CC,TT,GG,AG,GG,CC,GG,AA,GG,AA,TC,AA,CC,CC,AA,GG,GG,CASE
CC,TT,GG,GG,GG,CC,GG,AG,TG,AA,TC,AA,CC,CC,AA,GG,GG,CTRL
CC,TT,GG,GG,GG,CC,GG,AG,GG,AA,CC,AA,CC,CC,AA,GG,GG,CTRL
CC,TT,GG,AG,AA,TT,GG,AG,GG,AA,CC,AA,CC,CC,AA,GG,AA,CASE
CC,TT,GG,AG,GG,CC,GG,AA,TG,AA,TC,AA,CC,CC,AA,GG,GG,CTRL
CC,TT,GG,AG,GG,CC,GG,GG,GG,AA,CC,AA,CC,CC,AA,GG,GG,CASE
TC,TT,GG,GG,GG,TC,GG,GG,GG,AA,CC,AA,CC,CC,AA,GG,GG,CASE
CC,TT,AA,GG,GG,CC,AA,AG,GG,AA,CC,AA,TT,TT,AA,GG,AA,CASE
CC,TT,GG,AA,GG,CC,GG,AG,GG,AA,CC,AA,CC,CC,AA,GG,AA,CASE
CC,TT,AA,GG,GG,CC,AA,AG,GG,AA,TC,AA,TT,TT,AA,GG,AA,CASE
CC,TT,GG,AG,GG,CC,GG,AA,GG,AA,TC,AA,CC,CC,AA,GG,GG,CTRL
CC,TT,GG,AG,GG,CC,GG,AG,TG,?,TT,AA,CC,CC,AA,GG,GG,CTRL
CC,TT,GG,GG,GG,CC,GG,GG,GG,AA,CC,AA,CC,CC,AA,GG,GG,CTRL
CC,TT,GG,GG,GG,CC,GG,GG,GG,AA,TC,AA,CC,CC,AA,GG,GG,CASE
CC,TT,GG,?,GG,CC,GG,AG,GG,AA,CC,AA,CC,CC,AA,GG,GG,CTRL
CC,TT,GG,?,GG,CC,GG,GG,TG,AA,TC,AA,CC,CC,AA,?,GG,CASE
CC,TT,GG,GG,GG,CC,GG,AA,GG,AA,TC,AA,CC,CC,AA,GG,GG,CASE
CC,TT,GG,AG,GG,CC,GG,AG,GG,?,TC,AA,CC,CC,AA,GG,GG,CASE
CC,TT,GG,GG,GG,CC,GG,AG,TT,AA,TC,AA,CC,CC,AA,GG,GG,CTRL
CC,TT,GG,GG,GG,CC,GG,AG,GG,AA,CC,AA,CC,CC,AA,GG,GG,CASE
CC,TT,GG,GG,GG,?,GG,AA,GG,AA,TC,AA,CC,CC,AA,GG,GG,CASE
CC,TT,GG,GG,GG,CC,GG,GG,GG,TA,CC,AA,CC,CC,AA,GG,GG,CTRL
CC,TT,GG,AA,GG,CC,GG,AG,GG,AA,TC,AA,CC,CC,AA,GG,GG,CASE
CC,TT,GG,GG,GG,CC,GG,AG,GG,AA,CC,AA,CC,CC,AA,GG,GG,CTRL
CC,TT,GG,GG,GG,CC,GG,GG,GG,AA,CC,AA,CC,CC,AA,GG,GG,CTRL
TC,TT,GG,AG,GG,CC,GG,GG,GG,AA,CC,AA,CC,CC,AA,GG,GG,CASE
CC,TT,GG,AG,GG,CC,?,AG,GG,AA,TC,AA,CC,CC,AA,GG,GG,CASE
?,TT,GG,AG,GG,CC,GG,AG,GG,AA,CC,AA,CC,CC,AA,GG,GG,CTRL
CC,TT,GG,AG,GG,CC,GG,AG,GG,AA,TC,AA,CC,CC,AA,GG,GG,CASE
CC,TT,GG,GG,GG,CC,GG,AA,GG,AA,CC,AA,CC,CC,AA,GG,GG,CTRL
CC,TT,GG,GG,GG,CC,AG,?,GG,AA,CC,AA,CC,CC,AA,GG,GG,CTRL
CC,TT,GG,AG,GG,CC,GG,AG,TG,AA,TT,AA,CC,CC,AA,GG,GG,CTRL
CC,TT,GG,GG,GG,CC,GG,?,GG,AA,TC,AA,CC,CC,AA,GG,GG,CTRL
CC,TT,GG,AG,GG,CC,GG,AG,GG,AA,TC,AA,CC,CC,AA,GG,GG,CTRL
CC,CT,GG,AA,GG,CC,GG,AG,GG,AA,CC,AA,CC,CC,AA,GG,GG,CTRL
CC,TT,GG,?,GG,CC,GG,GG,GG,AA,TC,AA,CC,CC,AA,GG,AA,CASE
CC,?,GG,GG,GG,CC,GG,GG,GG,AA,CC,AA,CC,CC,AA,GG,GG,CTRL
CC,TT,GG,AG,GG,CC,GG,AG,GG,AA,TC,AA,CC,CC,AA,GG,GG,CTRL
CC,?,GG,GG,GG,CC,GG,AG,GG,AA,TC,AA,CC,CC,AA,GG,GG,CASE
?,TT,GG,?,AA,TT,GG,GG,GG,AA,TC,AA,CC,CC,AA,GG,AA,CASE
CC,TT,AA,GG,GG,?,AA,GG,GG,?,CC,AA,TT,TT,AA,GG,AA,CASE
CC,TT,GG,AG,GG,CC,AG,AA,GG,AA,CC,AA,CC,CC,AA,GG,GG,CTRL
CC,TT,GG,GG,GG,CC,GG,GG,GG,AA,CC,AA,CC,CC,AA,GG,GG,CTRL
CC,TT,GG,AG,GG,CC,GG,AG,GG,AA,TC,AA,CC,CC,AA,GG,GG,CASE
CC,TT,GG,?,GG,CC,GG,AG,TG,AA,TC,AA,CC,CC,AA,GG,GG,CASE
CC,TT,GG,GG,GG,CC,?,AG,GG,AA,TC,AA,CC,CC,GG,GG,GG,CTRL
CC,TT,GG,AG,GG,CC,GG,GG,GG,AA,CC,AA,CC,CC,AA,GG,GG,CTRL
CC,TT,GG,AG,GG,CC,AG,GG,TG,AA,TC,AA,CC,CC,AA,GG,GG,CASE
CC,TT,GG,GG,GG,CC,GG,GG,TG,AA,CC,AA,CC,CC,AA,GG,GG,CASE
CC,?,GG,AG,GG,CC,GG,AG,GG,AA,CC,AA,CC,CC,AA,GG,GG,CTRL
CC,TT,AA,AG,GG,CC,AA,GG,GG,AA,CC,AA,CC,TT,AA,GG,?,CASE
CC,TT,GG,?,GG,CC,GG,AG,GG,AA,CC,AA,CC,CC,AA,GG,GG,CASE
CC,TT,GG,GG,GG,CC,?,GG,GG,AA,CC,AA,CC,CC,AA,GG,GG,CTRL
CC,TT,GG,AG,GG,CC,GG,GG,GG,AA,CC,AA,CC,CC,AA,GG,GG,CTRL
CC,TT,GG,GG,GG,CC,GG,AG,GG,AA,TC,AA,CC,CC,AA,AA,GG,CASE
CC,TT,GG,GG,GG,CC,GG,AG,GG,AA,TC,AA,CC,CC,AA,GG,GG,CASE
CC,CT,GG,AG,GG,CC,GG,AA,GG,AA,TC,AA,CC,CC,AA,GG,GG,CTRL
TC,TT,GG,AA,GG,CC,GG,AG,GG,AA,TT,AA,CC,CC,AA,GG,GG,CASE
CC,TT,GG,AA,GG,CC,GG,AG,GG,AA,CC,AA,CC,CC,AA,GG,GG,CTRL
TT,TT,GG,AA,GG,CC,GG,GG,GG,AA,CC,AA,CC,CC,AA,GG,GG,CASE
TC,TT,GG,AA,GG,CC,GG,AG,GG,AA,CC,AA,CC,CC,AA,GG,GG,CASE
TC,TT,GG,AG,AA,TT,GG,GG,GG,AA,TC,AA,CC,CC,AA,GG,AA,CASE
CC,TT,GG,AG,GG,CC,GG,AG,GG,AA,TC,AA,CC,CC,AA,GG,GG,CASE
CC,TT,GG,AG,GG,CC,GG,GG,GG,AA,TT,AA,CC,CC,AA,GG,GG,CTRL
CC,TT,GG,GG,GG,CC,GG,AA,GG,AA,CC,AA,CC,CC,AA,GG,GG,CASE
CC,TT,GG,AG,GG,CC,GG,AG,GG,AA,CC,AA,CC,CC,AA,GG,GG,CASE
TC,TT,GG,AG,AA,TT,GG,GG,GG,AA,CC,AA,CC,CC,AA,GG,AA,CASE
?,?,GG,AA,GG,?,GG,AG,GG,?,CC,AA,CC,CC,AA,?,GG,CASE
CC,TT,GG,?,GG,CC,GG,GG,GG,AA,CC,AA,CC,CC,AA,GG,GG,CTRL
CC,TT,?,GG,GG,CC,GG,GG,GG,AA,TC,AA,CC,CC,AA,GG,GG,CASE
TC,CC,GG,AA,GG,CC,GG,AG,GG,TA,CC,TT,CC,CC,AA,GG,GG,CASE
?,TT,GG,AG,GG,CC,GG,AG,GG,AA,TC,AA,CC,CC,AA,GG,GG,CASE
CC,TT,GG,GG,GG,CC,GG,GG,GG,AA,CC,AA,CC,CC,AA,GG,GG,CTRL
CC,TT,GG,AG,GG,CC,GG,GG,GG,AA,CC,AA,CC,CC,AA,GG,GG,CASE
TC,CC,GG,AA,GG,CC,GG,GG,GG,?,CC,TT,CC,CC,AA,AA,GG,CASE
CC,TT,GG,AA,GG,CC,GG,GG,GG,AA,TC,AA,CC,CC,AA,GG,GG,CASE
CC,TT,GG,AA,GG,CC,?,AG,GG,AA,CC,AA,CC,CC,AA,GG,GG,CTRL
CC,TT,GG,GG,GG,CC,GG,AG,GG,AA,CC,AA,CC,CC,AA,GG,GG,CASE
CC,TT,AA,GG,GG,CC,AA,GG,GG,AA,CC,AA,TT,TT,AA,GG,AA,CASE
CC,TT,GG,GG,GG,CC,GG,AG,TG,AA,TC,AA,CC,CC,AA,GG,GG,CTRL
CC,?,GG,AG,GG,CC,GG,AA,GG,AA,TC,AA,CC,CC,AA,GG,GG,CTRL
CC,TT,GG,AG,GG,CC,GG,GG,TT,AA,CC,AA,CC,CC,AA,GG,GG,CTRL
CC,TT,GG,AA,GG,CC,GG,AG,GG,AA,TC,AA,CC,CC,AA,GG,GG,CASE
?,TT,GG,GG,GG,CC,GG,GG,GG,AA,TC,AA,CC,CC,AA,GG,GG,CASE
CC,TT,GG,GG,GG,CC,GG,GG,TG,AA,TT,AA,CC,CC,AA,GG,GG,CASE
CC,TT,GG,AA,GG,CC,GG,AG,GG,AA,CC,AA,CC,CC,AA,GG,GG,CTRL
CC,TT,GG,GG,GG,CC,?,GG,GG,AA,TC,AA,CC,CC,AA,GG,GG,CASE
CC,?,GG,AA,GG,CC,GG,AG,GG,AA,TC,AA,CC,CC,GG,GG,GG,CASE
CC,TT,GG,AG,GG,CC,GG,AG,TG,AA,?,AA,CC,CC,AA,GG,GG,CASE
CC,TT,GG,AA,GG,CC,GG,AG,GG,AA,CC,AA,CC,CC,AA,GG,GG,CASE
TC,TT,GG,AG,GG,CC,GG,GG,GG,AA,TT,AA,CC,CC,AA,GG,GG,CASE
CC,TT,GG,?,GG,CC,GG,GG,GG,AA,CC,AA,CC,CC,AA,GG,GG,CTRL
?,CC,GG,AA,GG,CC,GG,?,GG,TA,TC,TT,CC,CC,AA,GG,GG,CASE
CC,TT,GG,AG,GG,CC,GG,AG,GG,AA,CC,AA,CC,CC,AA,GG,GG,CASE
CC,TT,GG,AG,GG,CC,GG,AA,GG,AA,CC,AA,CC,CC,AA,GG,GG,CASE
?,TT,GG,AG,GG,CC,?,AG,GG,?,TC,AA,CC,CC,AA,GG,GG,CASE
?,TT,GG,GG,GG,CC,GG,AA,GG,AA,TC,AA,CC,CC,AA,GG,GG,CTRL
CC,TT,GG,AG,GG,CC,GG,AG,GG,AA,CC,AA,CC,CC,GG,AA,GG,CASE
CC,TT,GG,AG,GG,CC,GG,AG,GG,AA,CC,AA,CC,CC,GG,GG,GG,CASE
CC,TT,GG,AG,GG,CC,GG,AA,GG,AA,TC,AA,CC,CC,AA,GG,GG,CTRL
?,TT,GG,AG,?,?,GG,GG,GG,AA,CC,AA,CC,CC,AA,GG,GG,CASE
CC,TT,GG,GG,GG,CC,GG,AA,GG,AA,TC,AA,CC,CC,AA,GG,GG,CASE
?,TT,GG,AA,GG,CC,GG,AA,GG,AA,CC,AA,CC,CC,?,AA,GG,CASE
TT,CC,GG,AA,GG,CC,GG,GG,GG,TA,CC,TT,CC,CC,AA,AA,GG,CASE
CC,TT,GG,AG,GG,CC,GG,GG,TG,AA,TC,AA,CC,CC,AA,GG,GG,CTRL
CC,?,GG,AG,GG,CC,GG,GG,GG,AA,CC,AA,CC,CC,AA,GG,GG,CTRL
CC,?,GG,AG,GG,CC,GG,GG,GG,AA,CC,AA,CC,CC,AA,GG,GG,CTRL
CC,TT,?,AG,GG,CC,GG,GG,GG,AA,TC,AA,CC,CC,AA,GG,GG,CTRL
CC,TT,GG,?,GG,CC,GG,GG,TG,AA,TC,AA,CC,CC,AA,GG,GG,CASE
CC,TT,GG,?,GG,CC,GG,AA,GG,AA,TC,AA,CC,CC,AA,GG,GG,CASE
CC,?,GG,GG,GG,CC,GG,AG,GG,AA,CC,AA,CC,CC,AA,GG,GG,CTRL
CC,?,GG,AA,GG,CC,GG,GG,GG,AA,TC,AA,CC,CC,AA,GG,GG,CASE
TC,CC,GG,AG,GG,CC,GG,GG,GG,TA,TC,TT,CC,CC,AA,GG,GG,CASE
CC,TT,GG,AA,GG,CC,GG,AG,GG,AA,CC,AA,CC,CC,AA,GG,GG,CASE
TC,TT,GG,AA,GG,CC,AG,AG,GG,AA,?,AA,CC,CC,AA,GG,GG,CASE
CC,TT,GG,AG,GG,CC,GG,AA,GG,AA,CC,AA,CC,CC,AA,GG,GG,CTRL
CC,TT,AA,AG,GG,CC,AA,AG,GG,AA,CC,AA,TT,TT,AA,GG,AA,CASE
CC,TT,GG,AG,GG,?,GG,AG,GG,AA,TC,AA,CC,CC,?,GG,GG,CTRL
CC,TT,GG,AA,GG,CC,GG,AA,GG,AA,TC,AA,CC,CC,AA,GG,GG,CTRL
CC,TT,GG,GG,GG,CC,GG,GG,GG,AA,CC,AA,CC,CC,AA,GG,GG,CTRL
TC,TT,GG,AG,AA,TT,GG,AG,GG,AA,TC,AA,CC,CC,AA,GG,AA,CASE
TC,CC,?,AG,GG,CC,GG,GG,GG,TA,TC,TT,CC,CC,AA,AA,GG,CASE
?,TT,AA,GG,GG,CC,AA,AG,GG,AA,CC,AA,?,TT,AA,GG,AA,CASE
CC,TT,GG,GG,GG,CC,GG,AA,GG,AA,CC,AA,CC,CC,AA,GG,GG,CASE
CC,TT,GG,AG,GG,CC,GG,AG,GG,AA,TC,AA,CC,CC,AA,GG,GG,CASE
CC,TT,GG,AG,GG,CC,GG,AG,GG,AA,CC,AA,CC,CC,AA,GG,GG,CTRL
