snp1,snp2,snp3,snp4,snp5,snp6,snp7,snp8,snp9,snp10,snp11,snp12,snp13,snp14,snp15,snp16,snp17,snp18,snp19,snp20,class
CC,GG,TT,GG,AG,GG,CC,GG,GG,GG,AA,CC,AA,CC,CC,CC,TT,AA,GG,GG,CASE
CC,AA,TT,AA,?,GG,CC,AA,AG,?,AA,CC,AA,TT,CC,TT,CC,GG,CC,AA,CASE
CC,GG,TT,GG,GG,GG,CC,GG,AA,GG,GA,CC,AA,CC,CC,CC,TT,AA,CC,GG,CTRL
TC,GG,TT,GG,AG,GG,CC,GG,AG,GG,AA,CC,AA,CC,CC,CC,TT,GG,CC,GG,CTRL
CC,?,TT,GG,GG,GG,CC,GG,AG,GG,AA,CC,AA,CC,CC,CC,TT,GG,CC,GG,CASE
CC,?,TT,GG,GG,GG,CC,GG,AG,GG,AA,CC,AA,CC,CC,CC,TT,GG,CC,GG,CTRL
TC,GG,CC,GG,AG,GG,CC,GG,GG,GG,AA,CC,TT,CC,CC,CC,TT,GG,?,GG,CASE
?,GG,TT,GG,AA,?,CC,GG,GG,GG,AA,CC,AA,CC,CC,CC,TT,GG,CC,GG,CTRL
CC,AG,TT,GG,GG,GG,CC,GG,AA,GG,AA,CC,AA,CC,CC,CC,TT,GG,CC,GG,CASE
CC,AG,TT,GG,AG,GG,CC,GG,AG,GG,AA,CC,AA,CC,CC,CC,TT,AA,CC,GG,CASE
CC,GG,TT,GG,AG,GG,CC,GG,GG,GG,AA,CC,AA,CC,CC,CC,TT,GG,CC,GG,CASE
TC,GG,TT,GG,GG,?,TT,GG,AG,GG,AA,CC,AA,CC,CC,CC,TT,GG,GG,AA,CASE
CC,GG,TT,GG,AA,GG,CC,?,AA,GG,AA,CC,AA,CC,CC,CC,TT,GG,CC,GG,CTRL
CC,GG,?,GG,?,GG,CC,GG,AA,GG,AA,CC,AA,CC,CC,CC,TT,GG,CC,GG,CASE
CC,GG,TT,GG,GG,GG,CC,GG,AG,GG,?,CC,AA,CC,CC,CC,TT,GG,?,GG,CASE
CC,AG,TT,GG,AG,GG,CC,GG,AG,GG,AA,?,AA,CC,CC,CC,TT,GG,CC,GG,CASE
CC,GG,TT,GG,GG,GG,CC,GG,GG,GG,AA,CC,AA,CC,CC,CC,TT,GG,CC,GG,CTRL
CC,GG,TT,GG,AA,GG,CC,GG,AG,GG,AA,AA,AA,CC,CC,CC,TT,GG,CC,GG,CASE
CC,AA,TT,AA,GG,GG,CC,AA,GG,?,AA,?,AA,CC,CC,TT,CC,GG,CC,GG,CASE
CC,AG,TT,GG,GG,GG,CC,GG,AG,GG,AA,CC,AA,CC,CC,CC,TT,GG,CC,GG,CASE
TC,GG,?,GG,GG,GG,CC,GG,AG,GG,AA,CC,TT,CC,CC,CC,TT,AA,GG,GG,CASE
TC,GG,CC,GG,AG,GG,CC,GG,GG,GG,AA,CC,TT,CC,CC,?,TT,AA,GG,GG,CASE
CC,GG,TT,GG,GG,GG,CC,GG,AG,GG,GA,CC,AA,CC,CC,CC,TT,GG,?,GG,CTRL
CC,AA,TT,AA,AG,GG,CC,?,GG,?,AA,CC,AA,TT,CC,TT,CC,GG,?,AA,CASE
CC,AG,TT,GG,AA,GG,CC,GG,AG,GG,AA,AA,AA,CC,CC,CC,TT,GG,CC,GG,CASE
TC,AG,CC,GG,AG,GG,CC,GG,AG,GG,AA,CC,TT,CC,CC,CC,TT,GG,GG,GG,CASE
TC,AG,CC,GG,AG,GG,CC,GG,AG,GG,AA,CC,TT,CC,CC,CC,TT,GG,GG,GG,CASE
TC,GG,TT,GG,AG,?,TT,GG,AG,GG,AA,CC,AA,CC,CC,CC,TT,GG,GG,AA,CASE
CC,GG,TT,GG,AG,?,CC,GG,AG,GG,AA,CC,AA,CC,CC,CC,TT,GG,CC,GG,CASE
CC,AG,TT,GG,GG,GG,CC,GG,GG,GG,AA,CC,AA,CC,CC,CC,TT,GG,CC,GG,CTRL
CC,GG,TT,GG,AA,GG,CC,GG,GG,?,AA,CC,AA,CC,CC,CC,TT,GG,GG,GG,CASE
TC,GG,TT,GG,GG,GG,CC,GG,AG,GG,AA,CC,AA,CC,CC,CC,TT,GG,CC,GG,CTRL
CC,AA,TT,GG,?,GG,CC,GG,AG,GG,GG,CC,AA,CC,CC,?,TT,GG,CC,GG,CASE
TT,GG,TT,GG,AG,AA,TT,GG,GG,AG,AA,CC,AA,CC,CC,CC,TT,GG,CC,AA,CASE
CC,?,?,GG,AA,GG,CC,GG,AA,GG,AA,CC,AA,CC,CC,CC,TT,GG,CC,GG,CASE
CC,GG,TT,GG,GG,GG,CC,GG,AG,GG,AA,CC,AA,CC,CC,CC,TT,GG,CC,GG,CTRL
CC,GG,TT,GG,AG,GG,CC,GG,AG,GG,AA,CC,AA,CC,CC,CC,TT,GG,CC,GG,CTRL
CC,GG,TT,?,GG,GG,CC,GG,AG,GG,GG,CC,AA,CC,TT,CC,TT,GG,CC,GG,CASE
TC,AG,TT,GG,AA,GG,CC,GG,AG,GG,AA,CC,AA,CC,CC,CC,TT,GG,CC,GG,CASE
TC,GG,TT,GG,AA,?,TT,GG,AG,GG,AA,CC,AA,CC,CC,CC,TT,GG,CC,AA,CASE
CC,GG,TT,GG,GG,GG,CC,GG,AG,GG,AA,CC,AA,CC,CC,CC,TT,GG,CC,GG,CTRL
CC,GG,TT,GG,AG,GG,CC,GG,AG,GG,?,CC,AA,CC,CC,CC,TT,GG,CC,GG,CTRL
?,GG,TT,GG,AG,GG,CC,?,AA,GG,AA,CC,AA,CC,CC,CC,TT,GG,CC,GG,CTRL
CC,GG,TT,GG,GG,GG,CC,GG,AG,GG,AA,CC,AA,CC,CC,CC,TT,GG,CC,GG,CASE
?,GG,?,GG,?,GG,CC,GG,AG,GG,AA,CC,AA,CC,CC,CC,TT,GG,CC,GG,CTRL
CC,GG,TT,GG,GG,GG,CC,GG,AG,GG,?,CC,AA,CC,CC,CC,TT,GG,?,GG,CTRL
CC,GG,TT,GG,AG,GG,CC,GG,GG,GG,AA,CC,AA,CC,CC,CC,TT,GG,CC,GG,CTRL
CC,GG,?,GG,GG,GG,CC,GG,GG,GG,AA,CC,AA,CC,CC,CC,TT,GG,CC,GG,CASE
CC,AG,TT,AA,GG,GG,CC,AA,GG,?,AA,?,AA,TT,CC,TT,CC,GG,CC,AA,CASE
CC,GG,TT,GG,AG,GG,CC,GG,AG,GG,AA,CC,AA,CC,CC,CC,TT,GG,CC,GG,CASE
CC,?,TT,GG,?,GG,CC,GG,GG,GG,AA,CC,AA,CC,CC,CC,TT,GG,CC,GG,CASE
CC,GG,TT,GG,AG,GG,CC,GG,GG,GG,AA,CC,AA,CC,TT,CC,TT,GG,CC,GG,CASE
CC,GG,TT,GG,AG,GG,CC,?,GG,GG,AA,AC,AA,CC,CC,CC,TT,GG,GG,GG,CTRL
?,GG,TT,GG,GG,GG,CC,?,AG,GG,AA,CC,AA,CC,CC,CC,TT,GG,GG,GG,CASE
CC,AA,TT,AG,AG,GG,CC,AG,AG,GG,AA,?,AA,CC,CC,CC,TT,GG,CC,GG,CASE
CC,?,?,GG,GG,GG,CC,GG,GG,GG,AA,CC,AA,CC,CC,CC,TT,GG,CC,GG,CTRL
CC,AG,TT,AG,AG,GG,CC,GG,AG,GG,AA,AA,AA,CC,CC,CC,TT,GG,GG,GG,CASE
CC,GG,TT,GG,GG,GG,CC,GG,AA,GG,AA,CC,AA,CC,CC,CC,TT,GG,CC,GG,CTRL
CC,GG,TT,GG,GG,GG,CC,GG,AA,GG,AA,CC,AA,CC,CC,CC,TT,GG,CC,GG,CTRL
CC,GG,?,GG,AG,GG,CC,GG,GG,GG,AA,CC,AA,CC,CC,CC,TT,?,CC,GG,CASE
TC,GG,?,GG,GG,GG,CC,GG,GG,GG,?,CC,AA,CC,CC,CC,TT,GG,CC,GG,CASE
CC,GG,TT,GG,?,GG,CC,GG,AA,GG,AA,CC,AA,CC,CC,CC,TT,GG,CC,GG,CTRL
CC,AG,TT,GG,AG,GG,CC,GG,AG,GG,AA,CC,AA,CC,CC,CC,TT,GG,CC,GG,CASE
?,GG,?,?,?,GG,?,GG,AG,GG,GA,CC,AA,CC,CC,CC,TT,GG,CC,GG,CTRL
CC,GG,TT,GG,AG,GG,?,?,AG,GG,?,CC,AA,CC,CC,CC,TT,GG,CC,GG,CTRL
CC,GG,TT,GG,GG,GG,CC,GG,GG,?,AA,CC,AA,CC,CC,CC,TT,GG,CC,GG,CASE
?,GG,?,GG,AA,GG,CC,GG,AG,GG,GA,CC,AA,CC,?,CC,TT,GG,CC,GG,CTRL
CC,GG,CT,GG,AG,GG,CC,GG,GG,GG,AA,CC,AA,CC,CC,CC,TT,GG,CC,GG,CTRL
CC,GG,TT,GG,?,GG,CC,GG,AG,GG,AA,CC,AA,CC,CC,CC,TT,GG,CC,GG,CASE
TT,GG,TT,GG,AG,?,TT,GG,GG,GG,AA,CC,AA,CC,CC,CC,TT,GG,CC,?,CASE
CC,GG,TT,GG,AG,GG,CC,GG,AG,GG,AA,CC,AA,CC,CC,CC,TT,GG,CC,GG,CASE
CC,?,TT,GG,GG,GG,CC,GG,GG,GG,GA,CC,AA,CC,CC,CC,TT,GG,CC,GG,CTRL
CC,GG,TT,GG,AG,GG,CC,GG,AG,GG,AA,CC,AA,CC,CC,CC,TT,GG,CC,GG,CTRL
?,?,?,GG,AG,GG,?,GG,AG,GG,GA,CC,AA,CC,CC,CC,TT,GG,CC,GG,CTRL
CC,AG,?,GG,AG,GG,CC,GG,AG,GG,AA,CC,AA,CC,CC,CC,TT,GG,CC,GG,CASE
CC,AG,TT,AA,GG,GG,CC,AA,AG,AA,AA,CC,AA,TT,CC,TT,CC,GG,CC,AA,CASE
CC,?,TT,GG,GG,GG,CC,GG,AG,GG,AA,CC,AA,CC,CC,CC,TT,GG,CC,GG,CASE
?,GG,?,GG,AG,GG,?,GG,AG,GG,GA,CC,AA,CC,CC,CC,TT,GG,CC,GG,CTRL
CC,GG,TT,GG,?,GG,CC,GG,AG,GG,AA,CC,AA,CC,CC,CC,TT,GG,GG,GG,CTRL
TC,AG,CC,GG,AG,GG,CC,GG,GG,GG,AA,CC,TT,CC,CC,CC,TT,AA,GG,GG,CASE
TC,AG,CC,GG,GG,GG,CC,GG,GG,GG,AA,CC,TT,CC,CC,CC,TT,AA,GG,GG,CASE
CC,GG,TT,GG,AG,GG,CC,GG,AG,GG,AA,CC,AA,CC,CC,CC,TT,GG,CC,GG,CTRL
CC,GG,TT,GG,AG,GG,CC,GG,AG,GG,AA,CC,AA,CC,CC,CC,TT,GG,CC,GG,CTRL
CC,GG,TT,GG,GG,GG,CC,GG,AG,GG,AA,CC,AA,CC,CC,CC,TT,GG,CC,GG,CTRL
CC,GG,TT,GG,GG,GG,CC,GG,GG,GG,AA,CC,AA,CC,CC,CC,TT,GG,CC,GG,CTRL
?,GG,TT,GG,GG,GG,CC,?,GG,GG,AA,CC,AA,CC,CC,CC,TT,GG,CC,GG,CASE
CC,GG,TT,GG,AG,GG,CC,GG,GG,GG,AA,CC,AA,CC,CC,CC,TT,GG,GG,GG,CASE
CC,GG,TT,GG,GG,GG,CC,GG,GG,GG,AA,CC,AA,CC,CC,CC,TT,GG,CC,GG,CTRL
CC,GG,CT,GG,AG,?,CC,?,AG,GG,AA,CC,AA,?,CC,CC,TT,GG,GG,GG,CASE
CC,?,TT,GG,GG,GG,CC,GG,GG,GG,AA,CC,AA,CC,CC,CC,TT,GG,CC,GG,CASE
CC,GG,TT,GG,AG,GG,CC,GG,AG,GG,AA,CC,AA,CC,CC,CC,TT,GG,GG,GG,CTRL
CC,GG,TT,GG,GG,GG,CC,GG,AA,GG,AA,CC,AA,CC,CC,CC,TT,GG,GG,GG,CASE
CC,AG,TT,GG,GG,GG,CC,GG,AG,GG,AA,CC,AA,CC,CC,CC,TT,GG,CC,GG,CTRL
CC,GG,TT,GG,AG,GG,CC,GG,AG,GG,AA,CC,AA,CC,CC,CC,TT,GG,CC,GG,CASE
CC,GG,TT,?,AA,GG,CC,GG,GG,GG,AA,CC,AA,CC,TT,CC,TT,GG,GG,GG,CASE
?,GG,TT,GG,GG,GG,CC,GG,AA,GG,?,CC,AA,CC,CC,CC,TT,AA,CC,GG,CASE
CC,AG,TT,GG,AG,GG,CC,GG,GG,GG,AA,AA,AA,CC,CC,CC,TT,GG,CC,GG,CASE
CC,GG,TT,GG,AA,GG,CC,?,GG,GG,AA,CC,AA,CC,CC,CC,TT,GG,CC,GG,CTRL
CC,GG,TT,?,AG,GG,CC,GG,AG,GG,AA,CC,AA,CC,CC,CC,TT,GG,CC,GG,CASE
CC,?,?,AA,GG,GG,CC,AA,AG,?,AA,CC,AA,TT,CC,TT,?,GG,CC,AA,CASE
CC,GG,TT,GG,AG,GG,CC,GG,AG,GG,AA,CC,AA,CC,CC,CC,TT,GG,CC,GG,CASE
CC,GG,TT,GG,AG,GG,CC,GG,AG,GG,AA,CC,AA,CC,CC,CC,TT,GG,CC,GG,CTRL
CC,?,TT,GG,GG,GG,CC,GG,AA,GG,AA,CC,AA,CC,CC,CC,TT,GG,CC,GG,CTRL
CC,GG,CT,GG,AG,GG,CC,GG,GG,GG,AA,CC,AA,CC,CC,CC,TT,GG,CC,GG,CASE
CC,GG,TT,GG,AG,GG,CC,GG,AA,GG,AA,CC,AA,CC,CC,CC,TT,GG,CC,GG,CTRL
CC,GG,TT,?,GG,GG,CC,GG,AG,GG,AA,CC,AA,CC,CC,CC,TT,?,CC,GG,CASE
?,AG,TT,GG,?,GG,CC,GG,AA,GG,GA,CC,AA,CC,CC,CC,TT,GG,CC,GG,CTRL
CC,GG,TT,GG,AG,GG,CC,GG,AG,GG,AA,CC,AA,CC,CC,CC,TT,GG,CC,GG,CTRL
CC,GG,TT,GG,GG,GG,CC,GG,AA,GG,?,CC,AA,CC,CC,CC,TT,GG,CC,GG,CTRL
CC,AA,TT,GG,AG,GG,CC,GG,GG,GG,AA,AA,AA,CC,CC,CC,TT,?,CC,GG,CASE
CC,GG,TT,GG,GG,GG,CC,?,AG,GG,AA,CC,AA,CC,CC,CC,TT,GG,CC,GG,CASE
CC,GG,TT,GG,GG,GG,CC,GG,GG,GG,AA,CC,AA,CC,CC,CC,TT,GG,CC,GG,CTRL
CC,GG,TT,GG,?,GG,CC,GG,AA,GG,AA,CC,AA,CC,CC,CC,TT,GG,CC,GG,CTRL
CC,GG,TT,GG,GG,GG,CC,GG,AG,GG,GA,CC,AA,CC,CC,CC,TT,GG,CC,GG,CTRL
CC,GG,?,GG,AG,GG,?,GG,AA,GG,AA,CC,AA,CC,CC,CC,TT,GG,CC,GG,CASE
CC,AA,TT,AA,AG,GG,CC,AG,GG,?,AA,CC,AA,TT,CC,TT,CC,GG,CC,AA,CASE
?,GG,TT,?,GG,GG,CC,GG,?,GG,GA,CC,AA,CC,CC,CC,TT,GG,GG,GG,CASE
CC,GG,TT,GG,GG,GG,CC,GG,AG,GG,AA,CC,AA,CC,CC,CC,TT,GG,CC,GG,CTRL
CC,GG,TT,GG,AG,GG,CC,GG,AG,?,AA,CC,AA,CC,CC,CC,TT,GG,CC,GG,CTRL
CC,GG,TT,GG,GG,GG,CC,GG,AG,GG,GA,CC,AA,CC,CC,CC,TT,GG,CC,GG,CTRL
CC,GG,TT,GG,AG,GG,CC,GG,AA,GG,GA,CC,AA,CC,CC,CC,TT,GG,CC,GG,CTRL
?,GG,TT,GG,AG,AA,TT,GG,AG,GG,?,CC,AA,CC,CC,CC,TT,GG,CC,AA,CASE
CC,AG,?,AA,GG,GG,CC,AA,GG,?,AA,CC,AA,TT,CC,TT,?,?,CC,AA,CASE
CC,GG,TT,GG,AG,GG,CC,GG,AA,GG,AA,CC,AA,CC,CC,CC,TT,GG,CC,GG,CTRL
TC,GG,CC,GG,AG,GG,CC,GG,AG,GG,AA,CC,TT,CC,CC,CC,TT,GG,GG,GG,CASE
?,GG,TT,?,AG,GG,CC,GG,AG,GG,AA,CC,AA,CC,CC,CC,TT,GG,CC,GG,CASE
CC,GG,TT,GG,?,GG,CC,GG,?,GG,AA,CC,AA,CC,CC,CC,TT,GG,GG,AA,CASE
CC,GG,TT,GG,AG,GG,CC,GG,AA,GG,?,CC,AA,CC,CC,CC,TT,GG,CC,GG,CTRL
?,GG,TT,GG,AG,GG,CC,GG,AA,GG,AA,CC,AA,CC,CC,CC,TT,GG,CC,GG,CTRL
?,AG,?,AG,GG,GG,CC,GG,AG,GG,?,CC,AA,CC,CC,CC,TT,GG,CC,GG,CTRL
CC,GG,TT,GG,AG,GG,?,GG,AG,GG,AA,CC,AA,CC,CC,CC,TT,GG,CC,GG,CTRL
CC,AA,TT,AA,AG,GG,CC,AA,GG,?,AA,CC,AA,TT,CC,TT,CC,GG,CC,AA,CASE
CC,GG,TT,GG,GG,GG,CC,GG,AG,GG,AA,CC,AA,CC,CC,CC,TT,GG,CC,GG,CTRL
CC,GG,TT,GG,GG,GG,CC,GG,AG,GG,AA,CC,AA,CC,CC,CC,TT,GG,CC,GG,CASE
CC,?,TT,GG,AA,GG,CC,?,GG,GG,AA,CC,AA,CC,TT,CC,TT,GG,CC,GG,CASE
CC,AA,TT,GG,AG,GG,TC,GG,GG,GG,AA,AA,AA,CC,CC,CC,TT,GG,CC,GG,CTRL
CC,GG,TT,GG,GG,GG,CC,GG,?,GG,AA,CC,AA,CC,CC,CC,TT,GG,CC,GG,CTRL
CC,GG,TT,GG,AA,GG,CC,GG,AG,GG,AA,CC,AA,CC,TT,CC,TT,GG,CC,GG,CASE
CC,GG,?,GG,GG,GG,CC,GG,AG,GG,AA,CC,AA,CC,CC,CC,TT,AA,CC,GG,CASE
CC,AG,TT,GG,GG,GG,CC,GG,GG,GG,AA,AA,AA,CC,CC,CC,TT,GG,CC,GG,CASE
CC,GG,TT,GG,AG,GG,CC,GG,GG,GG,AA,CC,AA,CC,CC,CC,TT,GG,CC,GG,CTRL
CC,AG,TT,GG,AA,GG,CC,?,AG,GG,AA,CC,AA,CC,CC,CC,TT,GG,CC,GG,CASE
CC,GG,TT,GG,AG,GG,CC,GG,AG,GG,AA,CC,AA,CC,CC,CC,TT,GG,?,GG,CASE
CC,AG,TT,GG,GG,GG,CC,GG,AA,GG,AA,CC,AA,CC,CC,CC,TT,GG,CC,GG,CTRL
CC,GG,TT,GG,GG,GG,CC,GG,GG,GG,GA,CC,AA,CC,CC,CC,TT,GG,CC,GG,CTRL
TC,AA,TT,GG,AA,GG,CC,GG,GG,GG,AA,CC,AA,CC,CC,CC,TT,GG,CC,GG,CTRL
CC,GG,TT,GG,GG,GG,CC,GG,AA,GG,AA,CC,AA,CC,CC,CC,TT,AA,CC,GG,CTRL
CC,AG,TT,GG,AA,GG,CC,GG,GG,GG,AA,CC,AA,CC,CC,CC,TT,GG,CC,GG,CASE
CC,GG,TT,?,AA,GG,CC,GG,AG,GG,AA,CC,AA,CC,CC,CC,TT,GG,CC,GG,CTRL
TC,GG,TT,GG,?,GG,CC,GG,AG,GG,GA,CC,AA,CC,CC,CC,TT,GG,CC,GG,CASE
CC,GG,TT,GG,AG,GG,?,GG,AG,GG,AA,CC,AA,CC,CC,CC,TT,GG,?,GG,CTRL
TC,GG,TT,GG,GG,GG,CC,AG,AA,GG,AA,CC,AA,CC,CC,CC,TT,GG,CC,GG,CTRL
CC,GG,TT,GG,GG,GG,CC,GG,AG,GG,AA,CC,AA,CC,CC,CC,TT,GG,CC,GG,CTRL
TC,AG,CC,GG,AG,GG,CC,GG,AG,GG,AA,CC,TT,CC,CC,CC,TT,AA,GG,GG,CASE
CC,GG,TT,GG,AG,AA,?,GG,AG,GG,AA,CC,AA,CC,CC,CC,TT,GG,CC,AA,CASE
CC,GG,TT,GG,AA,GG,CC,GG,AA,GG,GA,CC,AA,CC,CC,CC,TT,GG,CC,GG,CTRL
?,?,TT,GG,AA,GG,CC,GG,GG,GG,AA,CC,AA,CC,CC,CC,TT,GG,CC,GG,CASE
CC,GG,TT,GG,AA,GG,CC,GG,AG,GG,AA,CC,AA,CC,CC,CC,TT,AA,CC,GG,CASE
TC,GG,TT,GG,AA,GG,CC,GG,GG,GG,AA,CC,AA,CC,CC,CC,TT,GG,CC,GG,CASE
CC,GG,TT,?,AG,GG,CC,GG,AG,GG,?,AA,AA,CC,CC,CC,TT,GG,CC,?,CASE
CC,AG,TT,AA,AG,GG,CC,AA,AG,?,AA,CC,AA,CC,CC,TT,?,GG,GG,GG,CASE
CC,AA,TT,GG,GG,GG,CC,GG,AG,GG,AA,CC,AA,CC,CC,CC,TT,GG,CC,GG,CTRL
CC,GG,TT,GG,AG,GG,CC,GG,AG,GG,AA,CC,AA,CC,CC,CC,TT,GG,CC,GG,CTRL
CC,GG,TT,GG,AG,GG,CC,GG,GG,GG,?,CC,AA,CC,?,CC,TT,GG,CC,GG,CASE
CC,GG,TT,GG,GG,GG,CC,GG,?,GG,AA,CC,AA,CC,CC,CC,TT,GG,CC,GG,CTRL
CC,GG,TT,GG,AA,GG,CC,GG,AA,GG,AA,CC,AA,CC,CC,CC,TT,GG,CC,GG,CASE
CC,GG,TT,GG,AG,GG,CC,GG,AA,GG,GA,CC,AA,CC,CC,CC,TT,GG,CC,GG,CTRL
CC,GG,TT,GG,GG,GG,CC,GG,AA,GG,AA,CC,AA,CC,CC,CC,TT,GG,CC,GG,CTRL
CC,GG,TT,GG,AA,GG,CC,GG,AG,GG,AA,CC,AA,CC,CC,CC,TT,GG,CC,GG,CTRL
CC,AG,TT,AA,GG,GG,CC,AA,AG,?,AA,AC,AA,TT,CC,TT,CC,GG,CC,AA,CASE
CC,GG,TT,GG,AA,GG,CC,?,AA,GG,AA,CC,AA,CC,CC,CC,TT,GG,CC,GG,CASE
CC,?,TT,GG,AA,GG,CC,GG,AG,GG,AA,CC,AA,?,TT,CC,TT,GG,CC,GG,CASE
TC,GG,TT,GG,AA,AA,TT,GG,AG,GG,AA,CC,AA,CC,CC,CC,TT,?,?,AA,CASE
CC,GG,TT,GG,AG,GG,CC,GG,AA,GG,AA,CC,AA,CC,CC,CC,TT,GG,CC,GG,CASE
CC,GG,TT,GG,GG,GG,CC,GG,AA,GG,AA,CC,AA,CC,CC,CC,TT,GG,?,GG,CTRL
CC,GG,TT,GG,AA,GG,CC,GG,AG,GG,AA,CC,AA,CC,CC,CC,TT,GG,CC,GG,CASE
CC,GG,TT,GG,GG,GG,CC,GG,AA,GG,AA,CC,AA,CC,CC,CC,TT,GG,CC,GG,CTRL
?,GG,?,GG,AG,GG,?,GG,AG,GG,GA,CC,AA,CC,CC,CC,TT,GG,CC,GG,CASE
CC,GG,TT,GG,AA,GG,CC,GG,AG,GG,?,CC,AA,CC,CC,CC,TT,GG,GG,GG,CASE
CC,GG,TT,GG,GG,GG,CC,GG,GG,GG,AA,CC,AA,CC,CC,CC,TT,GG,CC,GG,CTRL
CC,GG,TT,GG,AA,GG,CC,GG,AG,GG,AA,CC,AA,CC,CC,CC,TT,GG,CC,GG,CTRL
CC,?,TT,GG,AG,GG,CC,GG,AG,GG,AA,CC,AA,CC,CC,CC,TT,GG,?,GG,CTRL
CC,GG,TT,GG,AG,GG,CC,?,AA,GG,AA,CC,AA,CC,CC,CC,TT,GG,CC,GG,CTRL
CC,GG,TT,GG,GG,GG,CC,GG,?,GG,AA,CC,AA,CC,CC,CC,TT,GG,CC,GG,CASE
CC,?,TT,GG,AA,GG,?,GG,AA,GG,AA,CC,AA,CC,CC,CC,TT,GG,GG,GG,CASE
CC,GG,TT,GG,AG,GG,CC,?,GG,GG,AA,CC,AA,CC,CC,CC,TT,GG,CC,GG,CASE
CC,GG,?,GG,AG,GG,CC,GG,AG,GG,AA,CC,AA,CC,CC,CC,TT,GG,?,GG,CTRL
CC,GG,TT,GG,AA,GG,CC,GG,GG,GG,AA,CC,AA,CC,CC,CC,TT,AA,CC,GG,CASE
?,GG,?,GG,?,GG,?,GG,AG,GG,GA,CC,AA,CC,CC,CC,TT,GG,CC,GG,CTRL
TT,?,TT,GG,GG,GG,CC,GG,AG,GG,AA,CC,AA,CC,CC,CC,TT,GG,CC,GG,CASE
CC,?,TT,GG,AG,GG,CC,GG,AG,GG,AA,CC,AA,CC,CC,CC,TT,GG,?,GG,CASE
CC,GG,CT,GG,GG,GG,CC,GG,AG,GG,AA,CC,AA,CC,CC,CC,TT,GG,CC,GG,CTRL
CC,?,TT,GG,GG,GG,CC,GG,GG,GG,AA,CC,AA,CC,CC,CC,TT,GG,CC,GG,CASE
CC,GG,TT,GG,AG,GG,CC,GG,AA,GG,AA,CC,AA,CC,CC,CC,TT,GG,CC,GG,CTRL
CC,GG,TT,GG,AA,GG,CC,GG,AG,GG,AA,CC,AA,CC,CC,CC,TT,GG,CC,GG,CASE
CC,GG,TT,GG,AG,GG,CC,GG,GG,GG,?,CC,AA,CC,CC,CC,TT,GG,GG,GG,CASE
?,GG,TT,GG,AA,GG,?,GG,AA,?,AA,CC,AA,CC,CC,CC,TT,GG,CC,GG,CASE
CC,GG,TT,GG,AG,GG,CC,GG,AG,GG,AA,CC,AA,CC,CC,CC,TT,GG,CC,GG,CTRL
CC,GG,TT,GG,AG,GG,CC,GG,AG,GG,AA,CC,AA,CC,CC,CC,TT,GG,CC,GG,CTRL
CC,GG,?,GG,AG,GG,CC,?,GG,GG,AA,CC,AA,CC,CC,CC,TT,GG,CC,GG,CASE
CC,GG,TT,GG,GG,?,CC,GG,AA,GG,GA,CC,AA,CC,CC,CC,TT,GG,?,GG,CASE
CC,AG,TT,GG,AG,GG,CC,GG,AG,GG,AA,CC,AA,CC,CC,CC,TT,GG,CC,GG,CASE
CC,GG,TT,GG,AG,GG,CC,GG,AG,GG,AA,AA,AA,CC,CC,CC,TT,GG,CC,GG,CASE
?,GG,CC,GG,AG,GG,CC,?,AG,GG,AA,CC,TT,CC,CC,CC,TT,AA,GG,GG,CASE
CC,GG,TT,GG,GG,GG,CC,GG,AG,GG,?,CC,AA,CC,CC,CC,TT,GG,CC,GG,CTRL
TC,GG,TT,GG,AG,GG,CC,GG,GG,GG,AA,CC,AA,CC,CC,CC,TT,GG,CC,GG,CASE
CC,GG,TT,?,GG,GG,CC,GG,AG,GG,GA,CC,AA,CC,CC,CC,TT,GG,CC,GG,CASE
CC,?,TT,GG,AG,GG,CC,GG,GG,GG,AA,CC,AA,CC,CC,CC,TT,GG,CC,GG,CASE
CC,GG,TT,GG,AG,GG,CC,GG,AA,GG,AA,CC,AA,CC,CC,CC,TT,GG,CC,GG,CTRL
?,GG,?,GG,GG,GG,?,GG,AG,GG,GA,CC,AA,CC,CC,CC,TT,GG,CC,GG,CTRL
CC,GG,TT,GG,AA,GG,CC,GG,AA,GG,AA,CC,AA,CC,CC,CC,TT,GG,CC,GG,CASE
?,AG,TT,GG,GG,GG,CC,GG,AG,GG,AA,?,AA,CC,CC,CC,TT,GG,CC,GG,CTRL
CC,GG,TT,GG,AA,GG,CC,GG,AG,GG,AA,CC,AA,CC,CC,CC,TT,GG,CC,GG,CTRL
CC,GG,TT,GG,GG,GG,?,GG,AG,?,AA,CC,AA,CC,CC,CC,TT,GG,GG,GG,CASE
TC,GG,TT,GG,AG,AA,TT,GG,AG,GG,?,CC,AA,CC,CC,CC,TT,?,CC,AA,CASE
CC,GG,TT,GG,GG,GG,CC,GG,GG,GG,AA,CC,AA,CC,CC,CC,TT,GG,?,GG,CTRL
CC,?,TT,GG,AG,GG,CC,GG,AA,GG,AA,CC,AA,CC,CC,CC,TT,GG,GG,GG,CASE
CC,GG,TT,GG,AG,GG,CC,GG,AA,GG,AA,CC,AA,CC,CC,CC,TT,GG,CC,GG,CTRL
CC,GG,TT,GG,AG,GG,CC,?,AG,GG,AA,CC,AA,CC,CC,CC,TT,GG,CC,GG,CASE
CC,GG,TT,GG,AG,GG,CC,GG,AA,GG,AA,CC,AA,CC,CC,CC,TT,GG,CC,GG,CTRL
CC,GG,TT,GG,GG,GG,CC,GG,AA,GG,AA,CC,AA,CC,CC,CC,TT,GG,CC,GG,CTRL
CC,AG,TT,GG,AG,GG,CC,GG,AA,GG,AA,CC,AA,CC,CC,CC,TT,GG,CC,GG,CTRL
CC,GG,TT,GG,GG,GG,CC,GG,AA,GG,AA,CC,AA,CC,CC,CC,TT,GG,CC,GG,CTRL
CC,GG,TT,GG,?,GG,CC,GG,AG,?,GA,CC,AA,TT,?,CC,TT,GG,?,?,CASE
CC,?,TT,GG,GG,GG,CC,GG,GG,GG,AA,CC,AA,CC,CC,CC,TT,GG,CC,GG,CTRL
CC,GG,TT,GG,GG,GG,CC,AG,AA,GG,AA,CC,AA,CC,CC,CC,TT,GG,CC,GG,CTRL
TC,GG,TT,GG,AG,?,?,GG,AG,GG,AA,CC,AA,CC,CC,CC,TT,GG,CC,?,CASE
?,?,TT,?,AG,GG,?,AA,GG,?,AA,CC,AA,TT,CC,TT,CC,GG,CC,AA,CASE
TC,GG,TT,GG,AA,?,TC,GG,GG,GG,AA,CC,AA,CC,CC,CC,TT,GG,CC,GG,CASE
?,GG,TT,GG,AG,GG,CC,GG,AG,GG,AA,CC,AA,CC,CC,CC,TT,GG,CC,GG,CTRL
CC,GG,TT,GG,AG,GG,CC,GG,AG,GG,AA,CC,AA,CC,TT,CC,TT,GG,GG,GG,CASE
CC,GG,?,GG,AG,GG,CC,GG,AA,GG,AA,CC,AA,CC,CC,CC,TT,GG,CC,GG,CTRL
CC,GG,TT,GG,GG,GG,CC,GG,GG,GG,AA,CC,AA,CC,CC,CC,TT,GG,GG,GG,CTRL
CC,GG,TT,GG,GG,GG,CC,?,AG,GG,GA,CC,AA,CC,CC,CC,TT,GG,CC,GG,CTRL
CC,GG,TT,GG,AG,GG,CC,GG,AG,GG,AA,CC,AA,CC,CC,CC,TT,GG,CC,GG,CTRL
CC,GG,TT,GG,AG,GG,CC,GG,AA,GG,AA,CC,AA,CC,CC,CC,TT,?,CC,GG,CASE
TC,GG,TT,?,GG,GG,CC,GG,AG,GG,GG,CC,?,CC,CC,CC,TT,GG,GG,GG,CTRL
CC,GG,TT,GG,AG,GG,CC,GG,GG,GG,AA,CC,AA,CC,CC,CC,TT,GG,CC,GG,CTRL
CC,?,?,GG,AG,GG,CC,?,AG,GG,AA,CC,AA,CC,CC,CC,TT,GG,CC,GG,CTRL
CC,GG,TT,GG,GG,GG,CC,?,AA,GG,AA,CC,AA,CC,CC,CC,TT,GG,CC,GG,CTRL
CC,GG,TT,GG,GG,GG,CC,GG,AG,GG,AA,CC,AA,CC,CC,CC,TT,GG,CC,GG,CTRL
CC,GG,TT,GG,GG,GG,CC,GG,AG,GG,AA,CC,AA,CC,CC,CC,TT,?,CC,GG,CASE
CC,GG,TT,GG,AG,GG,CC,GG,AG,GG,AA,CC,AA,CC,CC,CC,TT,GG,CC,AA,CASE
CC,GG,TT,GG,AG,GG,CC,GG,AG,GG,AA,CC,AA,CC,CC,CC,TT,GG,CC,GG,CTRL
CC,GG,TT,GG,GG,GG,CC,GG,GG,GG,AA,CC,AA,CC,CC,CC,TT,GG,CC,GG,CTRL
CC,GG,TT,GG,GG,GG,CC,GG,AG,GG,AA,CC,AA,CC,CC,CC,TT,GG,CC,GG,CTRL
CC,GG,?,GG,AG,GG,CC,GG,GG,GG,AA,CC,AA,CC,CC,CC,TT,GG,CC,GG,CTRL
?,GG,TT,GG,GG,GG,CC,GG,GG,GG,GA,CC,AA,CC,CC,CC,TT,GG,CC,GG,CTRL
CC,GG,TT,GG,GG,GG,CC,GG,AG,GG,AA,CC,AA,CC,CC,CC,TT,GG,CC,GG,CTRL
CC,?,TT,GG,AA,?,?,GG,AG,GG,AA,AA,AA,CC,CC,CC,TT,GG,CC,GG,CASE
CC,?,TT,GG,GG,GG,CC,GG,AA,GG,AA,CC,AA,CC,CC,CC,TT,GG,?,GG,CTRL
CC,GG,TT,GG,?,GG,CC,GG,AG,GG,AA,CC,AA,CC,CC,CC,TT,GG,CC,GG,CTRL
CC,GG,TT,GG,GG,GG,?,GG,AA,GG,AA,CC,AA,CC,CC,CC,TT,GG,CC,GG,CTRL
CC,GG,TT,GG,AG,GG,CC,GG,AA,GG,AA,CC,AA,CC,CC,CC,TT,GG,CC,GG,CTRL
CC,AG,TT,GG,GG,GG,CC,GG,AG,GG,AA,CC,AA,CC,CC,CC,TT,GG,CC,GG,CTRL
CC,?,TT,GG,GG,GG,CC,GG,AA,GG,AA,CC,AA,CC,CC,CC,TT,GG,GG,GG,CTRL
CC,GG,TT,GG,GG,GG,CC,GG,AG,GG,AA,CC,AA,CC,CC,CC,TT,?,GG,GG,CTRL
CC,GG,TT,GG,AA,GG,CC,GG,AA,GG,AA,CC,AA,CC,CC,CC,TT,AA,CC,GG,CASE
CC,GG,TT,GG,AG,GG,CC,GG,AG,GG,AA,CC,AA,CC,CC,CC,TT,GG,GG,GG,CASE
CC,?,TT,GG,AG,GG,CC,GG,AA,GG,GA,CC,AA,CC,CC,CC,TT,GG,CC,GG,CTRL
CC,AG,TT,GG,AA,GG,CC,GG,GG,GG,AA,AA,AA,CC,CC,CC,TT,GG,CC,GG,CASE
CC,GG,TT,GG,GG,GG,CC,GG,AG,GG,AA,CC,AA,CC,CC,CC,TT,GG,CC,GG,CTRL
CC,GG,TT,GG,GG,GG,CC,GG,AA,GG,AA,CC,AA,CC,CC,CC,TT,AA,CC,GG,CASE
CC,?,TT,?,AG,GG,CC,AA,GG,?,AA,CC,AA,TT,CC,TT,CC,GG,CC,AA,CASE
CC,GG,TT,AA,GG,GG,CC,AA,GG,?,AA,CC,AA,TT,CC,TT,CC,GG,CC,AA,CASE
CC,GG,?,GG,?,GG,CC,GG,AA,GG,AA,CC,AA,CC,CC,CC,TT,GG,?,GG,CTRL
CC,GG,TT,GG,GG,GG,CC,GG,AG,GG,AA,CC,AA,CC,CC,CC,TT,GG,CC,GG,CTRL
CC,GG,TT,GG,AG,GG,CC,?,AG,GG,AA,CC,AA,CC,CC,CC,TT,GG,CC,GG,CTRL
CC,GG,TT,GG,AG,GG,?,GG,AA,GG,AA,CC,AA,CC,CC,CC,TT,GG,CC,GG,CTRL
CC,GG,TT,GG,AG,GG,CC,GG,AA,GG,AA,CC,AA,CC,CC,CC,TT,GG,CC,GG,CTRL
TC,?,TT,GG,AA,GG,CC,GG,AG,GG,AA,CC,AA,CC,CC,CC,TT,GG,CC,GG,CASE
?,?,TT,GG,GG,GG,CC,GG,AG,GG,AA,CC,AA,CC,CC,CC,TT,GG,CC,GG,CTRL
CC,AA,?,GG,AA,GG,CC,GG,AG,GG,AA,AA,AA,CC,CC,CC,TT,GG,CC,GG,CTRL
CC,GG,TT,GG,AG,GG,CC,GG,AG,GG,AA,CC,AA,CC,CC,CC,TT,GG,CC,GG,CASE
CC,AG,TT,GG,GG,GG,CC,GG,AG,GG,AA,CC,AA,CC,CC,CC,TT,GG,CC,GG,CASE
CC,?,TT,GG,AG,GG,CC,GG,AA,GG,AA,CC,AA,CC,CC,CC,TT,GG,GG,GG,CASE
?,GG,TT,GG,GG,GG,CC,GG,AG,GG,AA,CC,AA,CC,CC,CC,TT,GG,?,GG,CTRL
?,GG,TT,GG,GG,GG,CC,GG,AA,GG,AA,CC,AA,CC,CC,CC,TT,GG,CC,GG,CASE
CC,GG,TT,GG,GG,GG,CC,GG,GG,GG,AA,CC,AA,CC,CC,CC,TT,GG,CC,GG,CTRL
CC,GG,TT,GG,AA,GG,CC,GG,AA,GG,AA,CC,AA,CC,CC,CC,TT,GG,CC,GG,CASE
CC,?,TT,GG,AG,GG,CC,GG,AG,GG,AA,AA,AA,CC,CC,CC,TT,GG,CC,GG,CASE
CC,AG,TT,GG,AG,GG,CC,GG,AG,GG,AA,AA,AA,CC,CC,CC,TT,GG,CC,GG,CASE
CC,GG,?,GG,GG,GG,CC,GG,AG,?,?,CC,AA,CC,CC,CC,TT,GG,?,GG,CASE
CC,GG,TT,GG,GG,GG,CC,GG,GG,GG,AA,CC,AA,CC,CC,CC,TT,GG,GG,GG,CTRL
CC,GG,?,GG,AG,GG,CC,AG,AG,GG,AA,CC,AA,CC,CC,CC,TT,GG,CC,GG,CASE
CC,GG,TT,GG,AG,GG,CC,GG,AG,GG,?,CC,AA,CC,CC,CC,TT,GG,CC,GG,CTRL
CC,GG,?,?,AA,GG,CC,GG,AG,GG,AA,?,AA,CC,CC,CC,TT,GG,CC,GG,CTRL
CC,GG,TT,GG,AG,GG,CC,GG,AG,GG,AA,CC,AA,CC,CC,CC,TT,GG,CC,GG,CTRL
TC,GG,TT,GG,AG,?,TT,GG,GG,GG,AA,CC,AA,CC,CC,CC,TT,GG,CC,AA,CASE
CC,AG,TT,AG,GG,GG,CC,AA,GG,AA,AA,?,AA,?,CC,TT,CC,GG,CC,GG,CASE
TC,GG,TT,GG,AA,?,TT,GG,GG,GG,AA,CC,AA,CC,CC,CC,TT,?,CC,AA,CASE
CC,GG,TT,GG,GG,GG,CC,GG,AG,GG,AA,CC,AA,CC,CC,CC,TT,GG,GG,GG,CTRL
CC,GG,?,GG,AG,GG,CC,GG,AG,GG,AA,CC,AA,CC,CC,CC,TT,GG,CC,GG,CTRL
CC,GG,TT,GG,AG,GG,CC,GG,GG,GG,AA,CC,AA,CC,CC,CC,TT,GG,CC,GG,CASE
TT,GG,TT,?,AG,GG,CC,GG,GG,GG,AA,CC,AA,CC,CC,CC,TT,AA,CC,GG,CASE
CC,AG,TT,GG,?,GG,CC,GG,GG,GG,AA,AA,AA,CC,CC,CC,TT,GG,CC,GG,CASE
CC,GG,TT,GG,GG,GG,CC,GG,AG,GG,AA,?,AA,CC,CC,CC,TT,GG,CC,GG,CASE
CC,GG,TT,GG,AG,GG,CC,GG,AA,GG,?,CC,AA,CC,CC,CC,TT,GG,CC,GG,CTRL
CC,GG,TT,GG,GG,GG,CC,GG,GG,GG,AA,CC,AA,CC,CC,CC,TT,GG,CC,GG,CASE
CC,AG,TT,AA,AG,GG,CC,AA,AG,AA,AA,CC,AA,TT,CC,TT,CC,GG,CC,AA,CASE
CC,AG,TT,GG,AG,GG,CC,GG,GG,GG,AA,AA,AA,CC,CC,CC,TT,GG,CC,GG,CASE
CC,AG,TT,?,AG,GG,CC,?,AG,?,AA,CC,AA,TT,CC,TT,CC,GG,CC,AA,CASE
CC,AG,TT,AA,GG,GG,CC,AA,AG,?,AA,CC,AA,TT,CC,TT,CC,GG,CC,AA,CASE
CC,GG,TT,GG,AG,GG,CC,GG,GG,GG,AA,CC,AA,CC,CC,CC,TT,GG,CC,GG,CASE
CC,GG,TT,GG,GG,GG,CC,?,AG,GG,AA,CC,AA,CC,CC,CC,TT,GG,GG,GG,CASE
CC,GG,TT,GG,GG,GG,CC,GG,GG,GG,GG,CC,AA,CC,CC,CC,TT,GG,CC,GG,CTRL
CC,GG,TT,GG,AG,GG,CC,GG,AG,GG,AA,CC,AA,CC,CC,CC,TT,GG,CC,GG,CTRL
CC,GG,TT,GG,AA,GG,CC,GG,GG,GG,AA,CC,AA,CC,CC,CC,TT,GG,CC,GG,CASE
CC,GG,TT,GG,GG,GG,CC,GG,AG,GG,AA,CC,AA,CC,CC,CC,TT,GG,CC,GG,CTRL
?,GG,TT,GG,AG,GG,TT,GG,GG,GG,AA,CC,AA,CC,CC,CC,TT,GG,GG,AA,CASE
CC,GG,TT,GG,GG,GG,CC,GG,AA,GG,AA,CC,AA,CC,CC,CC,TT,GG,CC,GG,CTRL
CC,GG,TT,GG,GG,GG,CC,GG,AG,GG,AA,CC,AA,CC,CC,CC,TT,GG,GG,GG,CTRL
CC,GG,TT,GG,AA,GG,CC,GG,AG,GG,AA,?,AA,CC,CC,CC,TT,GG,GG,GG,CASE
CC,GG,TT,GG,GG,GG,?,GG,AG,GG,AA,CC,AA,CC,CC,CC,TT,GG,CC,GG,CTRL
CC,GG,TT,GG,GG,GG,CC,GG,AA,GG,AA,CC,AA,CC,CC,CC,TT,GG,CC,GG,CTRL
CC,GG,TT,GG,AG,GG,CC,GG,AA,GG,AA,CC,AA,CC,CC,CC,TT,GG,GG,GG,CASE
CC,?,TT,GG,GG,GG,CC,GG,AG,GG,?,AA,AA,CC,CC,CC,TT,GG,CC,GG,CASE
CC,GG,TT,GG,AA,GG,CC,?,GG,GG,AA,CC,AA,CC,CC,CC,TT,GG,CC,GG,CASE
TC,GG,TT,GG,AG,GG,CC,GG,AG,GG,AA,CC,AA,CC,CC,CC,TT,GG,CC,GG,CASE
?,GG,TT,GG,AA,?,TT,GG,GG,GG,AA,CC,AA,CC,CC,CC,TT,GG,CC,AA,CASE
CC,GG,TT,GG,GG,GG,CC,GG,GG,GG,AA,CC,AA,CC,CC,CC,TT,GG,GG,GG,CASE
CC,GG,TT,GG,GG,GG,CC,GG,AG,GG,AA,CC,AA,CC,CC,CC,TT,GG,CC,GG,CTRL
?,GG,TT,GG,GG,GG,CC,GG,AA,GG,GA,CC,AA,CC,CC,CC,TT,GG,CC,GG,CTRL
TC,GG,TT,?,AA,?,?,GG,AG,GG,AA,CC,AA,CC,CC,CC,TT,GG,GG,GG,CASE
CC,GG,TT,GG,GG,GG,CC,GG,AG,GG,AA,CC,AA,CC,CC,CC,TT,GG,GG,GG,CASE
CC,AG,TT,GG,AG,GG,CC,GG,AA,GG,AA,CC,AA,CC,CC,CC,TT,GG,CC,GG,CASE
CC,GG,TT,GG,AG,GG,CC,GG,AA,GG,AA,CC,AA,CC,CC,CC,TT,GG,CC,GG,CASE
CC,GG,TT,GG,GG,?,CC,GG,GG,GG,AA,CC,AA,CC,CC,CC,TT,GG,CC,GG,CTRL
CC,GG,TT,GG,AA,GG,CC,GG,GG,GG,AA,CC,AA,CC,CC,CC,TT,GG,?,GG,CASE
CC,?,TT,GG,GG,GG,CC,GG,AA,GG,AA,CC,AA,CC,CC,CC,TT,GG,CC,GG,CTRL
TT,GG,CC,GG,AG,GG,CC,GG,AG,GG,AA,CC,TT,CC,CC,CC,TT,GG,GG,GG,CASE
?,?,TT,?,AA,GG,CC,GG,GG,GG,AA,CC,AA,CC,CC,CC,TT,GG,CC,GG,CASE
CC,GG,?,GG,AG,GG,CC,GG,AG,GG,AA,CC,AA,CC,CC,CC,TT,GG,CC,GG,CASE
CC,GG,TT,GG,GG,GG,CC,GG,AA,GG,AA,CC,AA,CC,CC,CC,TT,GG,CC,GG,CTRL
CC,GG,TT,?,?,GG,CC,GG,AA,GG,AA,CC,AA,CC,CC,CC,TT,GG,CC,GG,CTRL
CC,GG,TT,GG,GG,GG,CC,GG,AA,GG,AA,CC,AA,CC,CC,CC,TT,GG,CC,GG,CTRL
CC,?,TT,GG,AG,GG,CC,GG,GG,GG,AA,CC,AA,CC,CC,CC,TT,GG,CC,GG,CTRL
CC,GG,TT,GG,AG,GG,CC,GG,AA,GG,AA,CC,AA,CC,CC,CC,TT,GG,CC,GG,CASE
CC,?,TT,GG,GG,GG,CC,GG,GG,GG,AA,CC,AA,CC,TT,CC,TT,GG,CC,GG,CASE
CC,?,TT,GG,GG,GG,CC,GG,GG,GG,GA,CC,AA,CC,CC,CC,TT,GG,CC,GG,CTRL
CC,GG,TT,GG,AG,GG,CC,GG,AG,GG,?,CC,AA,CC,CC,CC,TT,GG,CC,AA,CASE
CC,AG,TT,AA,GG,GG,?,AA,AG,?,AA,CC,AA,TT,CC,TT,CC,GG,?,AA,CASE
CC,GG,?,GG,AA,GG,CC,GG,AA,GG,AA,CC,AA,CC,CC,CC,TT,GG,CC,GG,CTRL
CC,?,TT,?,?,GG,CC,GG,AG,GG,AA,CC,AA,CC,CC,CC,TT,?,CC,GG,CASE
CC,GG,TT,GG,GG,GG,CC,GG,AA,GG,AA,CC,AA,CC,CC,CC,TT,GG,CC,GG,CTRL
CC,GG,TT,GG,GG,GG,CC,GG,AG,GG,AA,CC,AA,CC,CC,CC,TT,GG,CC,GG,CTRL
CC,GG,TT,GG,AG,GG,CC,GG,AA,GG,AA,CC,AA,CC,CC,CC,TT,GG,CC,GG,CASE
CC,GG,TT,GG,GG,GG,CC,GG,AG,GG,AA,CC,AA,CC,CC,CC,TT,GG,CC,GG,CTRL
CC,GG,TT,GG,GG,GG,CC,GG,AG,GG,AA,CC,AA,CC,CC,CC,TT,GG,CC,GG,CTRL
CC,GG,TT,GG,AG,AA,TT,GG,AG,GG,AA,CC,AA,CC,CC,CC,TT,GG,CC,AA,CASE
CC,AG,TT,GG,AG,GG,CC,GG,AA,GG,AA,CC,AA,CC,CC,CC,TT,GG,CC,GG,CTRL
CC,AG,TT,GG,AG,GG,CC,GG,GG,GG,AA,CC,AA,CC,CC,CC,TT,GG,?,GG,CASE
TC,?,TT,GG,GG,GG,TC,GG,GG,GG,AA,CC,AA,CC,CC,CC,TT,GG,CC,GG,CASE
CC,AG,TT,AA,GG,GG,CC,AA,AG,AA,AA,CC,AA,TT,CC,TT,?,GG,CC,AA,CASE
CC,GG,TT,GG,AA,GG,CC,GG,AG,GG,?,CC,AA,CC,CC,CC,TT,GG,CC,AA,CASE
CC,?,TT,AA,GG,GG,CC,AA,AG,AA,AA,CC,AA,TT,CC,TT,CC,GG,CC,AA,CASE
CC,AG,TT,GG,AG,GG,CC,GG,AA,GG,AA,CC,AA,CC,CC,CC,TT,GG,CC,GG,CTRL
CC,GG,TT,GG,AG,GG,CC,GG,AG,GG,AA,CC,AA,CC,CC,CC,TT,GG,CC,GG,CTRL
CC,AG,TT,GG,GG,GG,CC,GG,GG,GG,GA,CC,AA,CC,CC,CC,TT,GG,GG,GG,CTRL
CC,GG,TT,GG,GG,GG,CC,GG,GG,GG,AA,CC,AA,CC,TT,CC,TT,GG,CC,GG,CASE
CC,GG,TT,GG,?,GG,CC,GG,AG,GG,GA,CC,AA,CC,CC,CC,TT,GG,GG,GG,CTRL
CC,GG,TT,GG,?,GG,CC,GG,GG,GG,AA,CC,AA,CC,CC,CC,TT,?,GG,GG,CASE
CC,AG,TT,GG,GG,GG,CC,GG,AA,GG,AA,CC,AA,CC,CC,CC,TT,GG,CC,GG,CASE
CC,?,TT,GG,AG,GG,CC,GG,AG,GG,AA,CC,AA,CC,CC,CC,TT,GG,GG,GG,CASE
CC,GG,TT,GG,GG,GG,CC,GG,AG,GG,AA,CC,AA,CC,CC,CC,TT,GG,CC,GG,CTRL
CC,AA,TT,GG,GG,GG,CC,GG,AG,GG,AA,CC,AA,CC,TT,CC,TT,GG,CC,GG,CASE
CC,GG,TT,GG,GG,GG,?,GG,AA,GG,AA,CC,AA,CC,CC,CC,TT,GG,CC,GG,CASE
CC,GG,TT,GG,GG,GG,CC,GG,GG,GG,AA,CC,AA,CC,CC,CC,TT,GG,CC,GG,CTRL
CC,GG,TT,GG,AA,GG,CC,GG,AG,GG,AA,CC,AA,CC,CC,CC,TT,GG,CC,GG,CASE
CC,AG,TT,GG,GG,GG,CC,GG,AG,GG,AA,CC,AA,CC,CC,CC,TT,GG,CC,GG,CTRL
CC,GG,TT,GG,GG,GG,CC,GG,GG,GG,AA,CC,AA,CC,CC,CC,TT,GG,CC,GG,CTRL
TC,GG,TT,GG,AG,GG,CC,GG,GG,GG,AA,CC,AA,CC,CC,CC,TT,GG,CC,GG,CASE
CC,GG,TT,GG,AG,GG,CC,?,AG,GG,AA,CC,AA,CC,CC,CC,TT,GG,CC,GG,CASE
?,AG,TT,GG,AG,GG,CC,GG,AG,GG,GA,CC,AA,CC,CC,CC,TT,GG,CC,GG,CTRL
CC,AG,TT,GG,AG,GG,CC,GG,AG,GG,AA,AA,AA,CC,CC,CC,TT,GG,CC,GG,CASE
CC,GG,TT,GG,GG,GG,CC,GG,AA,GG,AA,CC,AA,CC,CC,CC,TT,GG,CC,GG,CTRL
CC,GG,TT,GG,GG,GG,CC,AG,?,GG,AA,CC,AA,CC,CC,CC,TT,GG,GG,GG,CTRL
CC,AG,TT,GG,AG,GG,CC,GG,AG,GG,AA,CC,AA,CC,?,CC,TT,GG,CC,GG,CTRL
CC,GG,TT,GG,GG,GG,CC,GG,?,GG,AA,CC,AA,CC,CC,CC,TT,GG,CC,GG,CTRL
CC,AG,TT,GG,AG,GG,CC,GG,AG,GG,AA,CC,AA,CC,CC,CC,TT,GG,CC,GG,CTRL
CC,GG,CT,GG,AA,GG,CC,GG,AG,GG,AA,CC,AA,CC,CC,CC,TT,GG,CC,GG,CTRL
CC,GG,TT,GG,?,GG,CC,GG,GG,GG,AA,CC,AA,CC,CC,CC,TT,GG,CC,AA,CASE
CC,GG,?,GG,GG,GG,CC,GG,GG,GG,AA,CC,AA,CC,CC,CC,TT,GG,CC,GG,CTRL
CC,GG,TT,GG,AG,GG,CC,GG,AG,GG,AA,CC,AA,CC,CC,CC,TT,GG,CC,GG,CTRL
CC,AG,?,GG,GG,GG,CC,GG,AG,GG,?,AC,AA,CC,CC,CC,TT,GG,CC,GG,CASE
?,GG,TT,GG,?,AA,TT,GG,GG,GG,AA,CC,AA,CC,CC,CC,TT,GG,CC,AA,CASE
CC,AG,TT,AA,GG,GG,?,AA,GG,AA,AA,CC,AA,TT,CC,TT,CC,GG,CC,AA,CASE
CC,GG,TT,GG,AG,GG,CC,AG,AA,GG,AA,CC,AA,CC,CC,CC,TT,GG,CC,GG,CTRL
CC,GG,TT,GG,GG,GG,CC,GG,GG,GG,AA,CC,AA,CC,CC,CC,TT,GG,CC,GG,CTRL
CC,GG,TT,GG,AG,GG,CC,GG,AG,GG,AA,CC,AA,CC,TT,CC,TT,GG,CC,GG,CASE
CC,GG,TT,GG,?,GG,CC,GG,AG,GG,AA,CC,AA,CC,CC,CC,TT,GG,CC,GG,CASE
CC,GG,TT,GG,GG,GG,CC,?,AG,GG,GA,CC,AA,CC,CC,CC,TT,GG,CC,GG,CTRL
CC,GG,TT,GG,AG,GG,CC,GG,GG,GG,AA,CC,AA,CC,CC,CC,TT,GG,CC,GG,CTRL
CC,GG,TT,GG,AG,GG,CC,AG,GG,GG,AA,CC,AA,CC,CC,CC,TT,GG,CC,GG,CASE
CC,GG,TT,GG,GG,GG,CC,GG,GG,GG,AA,CC,AA,CC,CC,CC,TT,GG,CC,GG,CASE
CC,GG,?,GG,AG,GG,CC,GG,AG,GG,AA,CC,AA,CC,CC,CC,TT,GG,CC,GG,CTRL
CC,AG,TT,AA,AG,GG,CC,AA,GG,AA,AA,CC,AA,CC,CC,TT,CC,GG,?,?,CASE
CC,AA,TT,GG,?,GG,CC,GG,AG,GG,GA,CC,AA,CC,CC,CC,TT,GG,CC,GG,CASE
CC,GG,TT,GG,GG,GG,CC,?,GG,GG,?,CC,AA,CC,CC,CC,TT,GG,CC,GG,CTRL
CC,GG,TT,GG,AG,GG,CC,GG,GG,GG,AA,CC,AA,CC,CC,CC,TT,GG,CC,GG,CTRL
CC,GG,TT,GG,GG,GG,CC,GG,AG,GG,AA,CC,AA,CC,CC,CC,TT,AA,CC,GG,CASE
CC,GG,TT,GG,GG,GG,CC,GG,AG,GG,AA,CC,AA,CC,CC,CC,TT,GG,CC,GG,CASE
CC,GG,CT,GG,AG,GG,CC,GG,AA,GG,GG,CC,AA,CC,CC,CC,TT,GG,CC,GG,CTRL
TC,?,TT,GG,AA,GG,CC,GG,AG,GG,AA,CC,AA,CC,CC,CC,TT,GG,CC,GG,CASE
CC,GG,TT,GG,AA,GG,CC,GG,AG,GG,AA,?,AA,CC,CC,CC,TT,GG,CC,GG,CTRL
TT,GG,TT,GG,AA,GG,CC,GG,GG,GG,AA,CC,AA,CC,CC,CC,TT,GG,CC,GG,CASE
TC,GG,TT,GG,AA,GG,CC,GG,AG,GG,AA,CC,AA,CC,CC,CC,TT,GG,CC,GG,CASE
TC,AG,TT,GG,AG,AA,TT,GG,GG,GG,AA,CC,AA,CC,CC,CC,TT,GG,CC,AA,CASE
CC,AG,TT,GG,AG,GG,CC,GG,AG,GG,AA,CC,AA,CC,CC,CC,TT,GG,CC,GG,CASE
CC,GG,TT,GG,AG,GG,CC,GG,GG,GG,AA,CC,AA,CC,CC,CC,TT,GG,CC,GG,CTRL
CC,GG,TT,GG,GG,GG,CC,GG,AA,GG,AA,CC,AA,CC,CC,CC,TT,GG,CC,GG,CASE
CC,AA,TT,GG,AG,GG,CC,GG,AG,GG,?,CC,AA,CC,CC,CC,TT,GG,CC,GG,CASE
TC,GG,TT,GG,AG,AA,TT,GG,GG,GG,AA,CC,AA,CC,CC,CC,TT,GG,CC,AA,CASE
?,?,?,GG,AA,GG,?,GG,AG,GG,GA,CC,AA,CC,CC,CC,TT,?,GG,GG,CASE
CC,GG,TT,GG,?,GG,CC,GG,GG,GG,AA,CC,AA,CC,CC,CC,TT,GG,CC,GG,CTRL
CC,GG,TT,?,GG,GG,CC,GG,GG,GG,AA,CC,AA,CC,CC,CC,TT,GG,CC,GG,CASE
TC,GG,CC,GG,AA,GG,CC,GG,AG,GG,AA,CC,TT,CC,CC,CC,TT,GG,GG,GG,CASE
?,AG,TT,GG,AG,GG,CC,GG,AG,GG,AA,AA,AA,CC,CC,CC,TT,GG,GG,GG,CASE
CC,GG,TT,GG,GG,GG,CC,GG,GG,GG,AA,CC,AA,CC,CC,CC,TT,GG,CC,GG,CTRL
CC,AG,TT,GG,AG,GG,CC,GG,GG,GG,AA,CC,AA,CC,TT,CC,TT,GG,CC,GG,CASE
TC,GG,CC,GG,AA,GG,CC,GG,GG,GG,AA,CC,TT,CC,CC,CC,TT,AA,GG,GG,CASE
CC,GG,TT,GG,AA,GG,CC,GG,GG,GG,AA,CC,AA,CC,CC,CC,TT,GG,CC,GG,CASE
CC,GG,TT,GG,AA,GG,CC,?,AG,GG,AA,CC,AA,CC,CC,CC,TT,GG,CC,GG,CTRL
CC,GG,TT,GG,GG,GG,CC,GG,AG,GG,?,CC,AA,CC,CC,CC,TT,GG,CC,GG,CASE
CC,?,TT,AA,GG,GG,CC,AA,GG,AA,AA,CC,AA,TT,CC,TT,CC,GG,CC,AA,CASE
CC,GG,TT,GG,GG,GG,CC,GG,AG,GG,AA,CC,AA,CC,CC,CC,TT,GG,CC,GG,CTRL
CC,GG,?,GG,AG,GG,CC,GG,AA,GG,AA,CC,AA,CC,CC,CC,TT,GG,CC,GG,CTRL
CC,GG,TT,GG,AG,GG,CC,GG,GG,GG,AA,CC,AA,CC,CC,CC,TT,GG,CC,GG,CTRL
CC,GG,TT,GG,AA,GG,CC,GG,AG,GG,AA,CC,AA,CC,CC,CC,TT,GG,CC,GG,CASE
?,AG,TT,GG,GG,GG,CC,GG,GG,GG,AA,AA,AA,CC,CC,CC,TT,GG,CC,GG,CASE
CC,?,TT,GG,GG,GG,CC,GG,GG,GG,AA,CC,AA,CC,CC,CC,TT,GG,CC,GG,CASE
CC,AG,TT,GG,AA,GG,CC,GG,AG,GG,AA,CC,AA,CC,CC,CC,TT,GG,CC,GG,CTRL
CC,GG,TT,GG,GG,GG,CC,?,GG,GG,AA,CC,AA,CC,CC,CC,TT,GG,CC,GG,CASE
CC,GG,?,GG,AA,GG,CC,GG,AG,GG,AA,CC,AA,CC,CC,CC,TT,GG,CC,GG,CASE
CC,GG,TT,GG,AG,GG,CC,GG,AG,GG,AA,CC,AA,CC,CC,CC,TT,GG,?,GG,CASE
CC,GG,TT,GG,AA,GG,CC,GG,AG,?,AA,CC,AA,CC,CC,CC,TT,GG,GG,GG,CASE
TC,?,TT,GG,AG,GG,CC,GG,GG,GG,?,CC,AA,CC,CC,CC,TT,GG,CC,GG,CASE
CC,?,TT,GG,?,GG,CC,GG,GG,GG,GA,CC,AA,CC,CC,CC,TT,GG,CC,GG,CTRL
?,GG,CC,GG,AA,GG,CC,GG,?,GG,AA,CC,TT,CC,CC,CC,TT,GG,GG,GG,CASE
CC,?,TT,GG,AG,GG,CC,GG,AG,GG,AA,?,AA,CC,CC,CC,TT,GG,CC,GG,CASE
CC,GG,TT,GG,AG,GG,CC,GG,AA,GG,AA,CC,AA,CC,CC,CC,TT,GG,CC,GG,CASE
?,AG,TT,GG,AG,GG,CC,?,AG,GG,AA,CC,AA,CC,CC,CC,TT,GG,?,GG,CASE
?,GG,TT,GG,GG,GG,CC,GG,AA,GG,AA,CC,AA,CC,CC,CC,TT,GG,CC,GG,CTRL
CC,GG,TT,GG,AG,GG,CC,GG,AG,GG,AA,CC,AA,CC,CC,CC,TT,AA,CC,GG,CASE
CC,GG,TT,GG,AG,GG,CC,GG,AG,GG,AA,CC,AA,CC,CC,CC,TT,GG,CC,GG,CASE
CC,GG,TT,GG,AG,GG,CC,GG,AA,GG,AA,CC,AA,CC,CC,CC,TT,GG,?,GG,CTRL
?,GG,TT,GG,AG,?,?,GG,GG,GG,AA,CC,AA,CC,CC,CC,TT,GG,CC,GG,CASE
CC,GG,TT,GG,GG,GG,CC,GG,AA,GG,AA,CC,AA,CC,CC,CC,TT,GG,GG,GG,CASE
?,GG,TT,GG,AA,GG,CC,GG,AA,GG,AA,CC,AA,CC,CC,CC,TT,AA,CC,GG,CASE
TT,AG,CC,GG,AA,GG,CC,GG,GG,GG,AA,CC,TT,CC,CC,CC,TT,AA,GG,GG,CASE
CC,GG,TT,GG,AG,GG,CC,GG,GG,GG,AA,CC,AA,CC,CC,CC,TT,GG,GG,GG,CTRL
CC,GG,?,GG,AG,GG,CC,GG,GG,GG,AA,CC,AA,CC,CC,CC,TT,GG,CC,GG,CTRL
CC,GG,?,GG,AG,GG,CC,GG,GG,GG,AA,CC,AA,CC,CC,CC,TT,GG,CC,GG,CTRL
CC,GG,TT,?,AG,GG,CC,GG,GG,GG,AA,CC,AA,CC,CC,CC,TT,GG,CC,GG,CTRL
CC,GG,TT,GG,?,GG,CC,GG,GG,GG,AA,CC,AA,CC,CC,CC,TT,GG,?,GG,CASE
CC,GG,TT,GG,?,GG,CC,GG,AA,GG,AA,CC,AA,CC,CC,CC,TT,GG,CC,GG,CASE
CC,GG,?,GG,GG,GG,CC,GG,AG,GG,AA,CC,AA,CC,CC,CC,TT,GG,CC,GG,CTRL
CC,AG,?,GG,AA,GG,CC,GG,GG,GG,AA,CC,AA,CC,CC,CC,TT,GG,CC,GG,CASE
TC,AG,CC,GG,AG,GG,CC,GG,GG,GG,AA,CC,TT,CC,CC,CC,TT,GG,GG,GG,CASE
CC,GG,TT,GG,AA,GG,CC,GG,AG,GG,AA,CC,AA,CC,CC,CC,TT,GG,CC,GG,CASE
TC,AG,TT,GG,AA,GG,CC,AG,AG,GG,AA,?,AA,CC,CC,CC,TT,GG,CC,GG,CASE
CC,GG,TT,GG,AG,GG,CC,GG,AA,GG,AA,CC,AA,CC,CC,CC,TT,GG,CC,GG,CTRL
CC,?,TT,AA,AG,GG,CC,AA,AG,AA,AA,CC,AA,TT,CC,TT,?,GG,CC,AA,CASE
CC,GG,TT,GG,AG,GG,?,GG,AG,GG,AA,CC,AA,CC,CC,CC,TT,GG,CC,GG,CTRL
CC,GG,TT,GG,AA,GG,CC,GG,AA,GG,AA,CC,AA,CC,CC,CC,TT,GG,CC,GG,CTRL
CC,GG,TT,GG,GG,GG,CC,GG,GG,GG,AA,CC,AA,CC,CC,CC,TT,GG,CC,GG,CTRL
TC,GG,TT,GG,AG,AA,TT,GG,AG,GG,AA,CC,AA,CC,CC,CC,TT,GG,CC,AA,CASE
TC,AG,CC,?,AG,GG,CC,GG,GG,GG,?,CC,TT,CC,CC,CC,TT,AA,GG,GG,CASE
?,?,TT,AA,GG,GG,CC,AA,AG,AA,AA,CC,AA,?,CC,TT,CC,GG,CC,AA,CASE
CC,GG,TT,GG,GG,GG,CC,GG,AA,?,AA,CC,AA,CC,CC,CC,TT,GG,CC,GG,CASE
CC,GG,TT,GG,AG,GG,CC,GG,AG,GG,AA,CC,AA,CC,CC,CC,TT,GG,CC,GG,CASE
CC,GG,TT,GG,AG,GG,CC,GG,AG,GG,GA,CC,AA,CC,CC,CC,TT,GG,GG,GG,CTRL
CC,AG,TT,GG,GG,GG,CC,GG,AG,GG,AA,CC,AA,CC,CC,CC,TT,GG,CC,GG,CTRL
CC,GG,TT,GG,AA,GG,?,GG,AG,GG,AA,CC,AA,?,CC,CC,TT,GG,CC,?,CASE
TC,AG,CC,GG,AA,GG,CC,GG,GG,GG,AA,CC,TT,CC,CC,CC,TT,AA,?,GG,CASE
CC,AG,TT,GG,AG,GG,CC,GG,AG,GG,AA,CC,AA,CC,CC,CC,TT,GG,CC,GG,CTRL
TC,GG,TT,GG,AG,AA,TT,?,AG,GG,AA,CC,AA,CC,CC,CC,TT,GG,CC,AA,CASE
CC,AG,TT,GG,GG,GG,CC,GG,AG,GG,AA,CC,AA,CC,CC,CC,TT,GG,CC,GG,CTRL
CC,GG,TT,AG,AA,GG,CC,GG,AG,GG,AA,CC,AA,CC,CC,CC,TT,GG,?,GG,CTRL
?,GG,?,GG,AG,GG,?,GG,GG,GG,GA,CC,AA,CC,CC,CC,TT,GG,CC,GG,CTRL
CC,GG,TT,GG,AG,GG,CC,?,AG,GG,AA,CC,AA,CC,CC,CC,TT,GG,CC,GG,CASE
?,GG,CC,GG,AA,GG,CC,GG,GG,GG,AA,CC,TT,CC,CC,CC,TT,AA,GG,GG,CASE
CC,GG,TT,GG,AG,GG,CC,GG,AA,GG,AA,CC,AA,CC,CC,CC,TT,GG,?,GG,CASE
?,GG,?,GG,AG,GG,?,GG,AG,GG,GA,CC,AA,CC,CC,CC,TT,GG,CC,GG,CTRL
CC,GG,TT,GG,GG,GG,CC,GG,AG,GG,AA,CC,AA,CC,CC,CC,TT,GG,CC,GG,CTRL
?,GG,TT,GG,AG,AA,TT,GG,AG,GG,AA,CC,AA,CC,CC,CC,TT,GG,CC,AA,CASE
CC,GG,TT,GG,AG,GG,CC,GG,AG,GG,AA,CC,AA,CC,CC,CC,TT,GG,CC,GG,CTRL
CC,GG,TT,GG,AG,GG,CC,GG,AG,GG,AA,CC,AA,CC,CC,CC,TT,GG,CC,GG,CASE
TC,GG,CC,GG,GG,GG,CC,?,AG,GG,AA,CC,TT,CC,CC,CC,TT,AA,GG,GG,CASE
?,GG,?,GG,?,GG,CC,GG,AG,GG,?,CC,AA,CC,CC,CC,TT,GG,CC,GG,CTRL
CC,GG,TT,GG,?,GG,CC,GG,AA,GG,GG,CC,AA,CC,CC,CC,TT,GG,CC,GG,CTRL
CC,GG,TT,GG,AG,GG,CC,GG,AG,GG,AA,CC,AA,CC,CC,CC,TT,GG,CC,GG,CASE
CC,GG,TT,GG,GG,GG,CC,GG,GG,GG,AA,CC,AA,CC,CC,CC,TT,GG,CC,GG,CASE
?,GG,?,GG,AG,GG,?,GG,AG,?,GA,CC,AA,CC,CC,CC,TT,GG,CC,GG,CTRL
CC,GG,TT,GG,AG,GG,CC,GG,AA,GG,AA,CC,AA,CC,CC,CC,TT,GG,CC,GG,CASE
TC,GG,CC,GG,AG,GG,CC,GG,GG,GG,AA,CC,TT,CC,CC,CC,TT,GG,GG,GG,CASE
?,GG,TT,GG,AG,GG,CC,GG,AG,GG,AA,CC,AA,CC,CC,CC,TT,AA,CC,GG,CASE
CC,GG,TT,GG,GG,GG,CC,GG,GG,GG,AA,CC,AA,CC,CC,CC,TT,GG,CC,GG,CTRL
TC,GG,TT,GG,AG,GG,CC,GG,AG,GG,AA,CC,AA,CC,CC,CC,TT,GG,?,GG,CASE
CC,GG,TT,GG,GG,AG,CC,GG,GG,GG,AA,CC,AA,CC,CC,CC,TT,GG,GG,GG,CASE
CC,GG,TT,GG,AA,GG,CC,GG,AG,GG,?,CC,AA,CC,CC,CC,TT,GG,CC,GG,CTRL
CC,GG,TT,GG,?,GG,CC,GG,GG,GG,AA,CC,AA,CC,CC,CC,TT,GG,GG,?,CASE
CC,AG,TT,GG,AA,GG,CC,GG,GG,GG,?,?,AA,CC,CC,CC,TT,GG,CC,GG,CASE
CC,GG,TT,GG,GG,GG,CC,GG,AG,GG,?,CC,AA,CC,CC,CC,TT,GG,CC,GG,CTRL
CC,GG,TT,GG,AG,GG,CC,?,GG,GG,AA,CC,AA,CC,CC,CC,TT,GG,?,GG,CTRL
CC,?,TT,GG,AA,GG,CC,GG,GG,GG,AA,CC,AA,CC,CC,CC,TT,GG,GG,GG,CASE
CC,GG,TT,GG,AG,GG,CC,GG,AG,GG,AA,CC,AA,CC,TT,CC,TT,GG,CC,GG,CASE
CC,GG,TT,GG,AG,GG,CC,GG,AG,GG,AA,CC,AA,CC,CC,CC,TT,GG,?,GG,CTRL
CC,AG,TT,GG,GG,GG,CC,GG,AA,GG,AA,CC,AA,CC,CC,CC,TT,GG,CC,GG,CTRL
CC,AG,TT,AA,GG,GG,CC,AA,AG,AA,AA,CC,AA,TT,CC,TT,?,GG,GG,AA,CASE
CC,GG,TT,GG,AA,GG,CC,GG,AA,GG,AA,CC,AA,CC,CC,CC,TT,GG,CC,GG,CASE
TC,AA,TT,GG,AG,GG,CC,GG,GG,GG,AA,CC,AA,CC,CC,CC,TT,GG,CC,GG,CASE
CC,GG,TT,GG,GG,GG,CC,?,AA,GG,AA,CC,AA,CC,CC,CC,TT,GG,CC,GG,CTRL
CC,?,?,GG,?,GG,CC,GG,AG,GG,?,CC,AA,CC,CC,CC,TT,GG,CC,GG,CTRL
CC,GG,TT,GG,AG,GG,CC,GG,AG,GG,?,CC,AA,CC,CC,CC,TT,GG,CC,GG,CTRL
TC,GG,TT,GG,AG,?,?,GG,AG,GG,AA,CC,AA,CC,CC,CC,TT,GG,?,AA,CASE
CC,AG,TT,AA,AG,GG,CC,AA,AG,?,AA,CC,AA,TT,CC,TT,CC,GG,CC,AA,CASE
CC,AG,TT,GG,?,GG,CC,GG,GG,GG,AA,CC,AA,CC,CC,CC,TT,GG,CC,GG,CASE
TC,GG,CC,GG,GG,GG,CC,GG,AG,GG,AA,CC,TT,CC,CC,CC,TT,AA,GG,GG,CASE
CC,GG,TT,GG,GG,GG,CC,GG,AA,GG,AA,CC,AA,CC,CC,CC,TT,GG,CC,GG,CTRL
CC,?,TT,GG,AG,GG,?,GG,GG,GG,AA,CC,AA,CC,TT,CC,TT,GG,CC,GG,CASE
CC,AG,TT,GG,AA,GG,CC,GG,AG,GG,AA,CC,AA,CC,TT,CC,TT,GG,CC,GG,CASE
CC,AG,?,?,GG,GG,CC,?,GG,?,AA,CC,AA,TT,CC,TT,CC,GG,CC,AA,CASE
CC,AG,TT,GG,GG,GG,CC,GG,AG,GG,AA,CC,AA,CC,CC,CC,TT,GG,CC,AA,CASE
CC,GG,TT,GG,GG,GG,CC,GG,AA,?,AA,CC,AA,CC,CC,CC,TT,GG,CC,GG,CTRL
TC,AG,TT,GG,AG,GG,CC,GG,AG,GG,AA,CC,AA,CC,CC,CC,TT,GG,CC,GG,CTRL
?,AG,TT,GG,GG,GG,CC,GG,AA,GG,AA,CC,AA,CC,CC,CC,TT,GG,CC,GG,CTRL
CC,GG,TT,GG,AG,GG,CC,AG,AG,GG,AA,CC,AA,CC,CC,CC,TT,GG,CC,GG,CTRL
CC,?,TT,GG,GG,GG,?,GG,GG,GG,AA,CC,AA,CC,CC,CC,TT,?,CC,GG,CASE
CC,GG,TT,GG,GG,GG,CC,GG,GG,GG,AA,CC,AA,CC,CC,CC,TT,GG,CC,GG,CTRL
CC,?,TT,GG,AG,GG,CC,GG,AG,GG,AA,AC,AA,CC,CC,CC,TT,GG,CC,GG,CTRL
CC,GG,TT,GG,?,GG,CC,GG,AA,GG,AA,CC,AA,CC,CC,CC,TT,GG,CC,GG,CASE
?,AG,?,GG,GG,GG,?,GG,GG,GG,GA,CC,AA,CC,CC,CC,TT,GG,CC,GG,CASE
CC,GG,TT,GG,GG,GG,CC,AG,?,GG,AA,CC,AA,CC,CC,CC,TT,GG,CC,GG,CTRL
CC,GG,TT,GG,AG,GG,CC,GG,AG,GG,AA,CC,AA,CC,CC,CC,TT,GG,CC,GG,CASE
CC,GG,TT,GG,GG,GG,CC,GG,GG,GG,AA,CC,AA,CC,CC,CC,TT,GG,CC,GG,CASE
TC,AG,TT,GG,AG,GG,CC,GG,AG,GG,AA,CC,AA,CC,CC,CC,TT,GG,CC,GG,CASE
CC,GG,TT,GG,GG,GG,CC,GG,AG,GG,AA,CC,AA,CC,CC,CC,TT,GG,CC,GG,CTRL
CC,GG,TT,GG,GG,GG,CC,GG,AA,GG,AA,CC,AA,CC,CC,CC,TT,AA,CC,GG,CTRL
CC,GG,TT,GG,GG,GG,CC,GG,AG,GG,AA,CC,AA,CC,CC,CC,TT,GG,CC,GG,CTRL
CC,GG,TT,GG,GG,GG,CC,GG,AG,GG,AA,CC,AA,CC,CC,CC,TT,GG,CC,GG,CASE
CC,GG,?,GG,GG,GG,CC,GG,AA,GG,AA,CC,AA,CC,CC,CC,TT,GG,CC,GG,CTRL
CC,AA,TT,GG,GG,GG,CC,GG,AG,GG,AA,AA,AA,CC,CC,CC,TT,GG,CC,GG,CASE
TC,GG,TT,GG,AA,?,?,GG,AG,GG,AA,CC,AA,CC,CC,CC,TT,GG,CC,AA,CASE
CC,GG,TT,GG,AG,GG,CC,GG,?,GG,AA,CC,AA,CC,CC,CC,TT,GG,CC,GG,CASE
CC,GG,TT,GG,AG,GG,CC,GG,AA,GG,AA,CC,AA,CC,CC,CC,TT,GG,CC,GG,CASE
CC,?,TT,GG,AG,GG,CC,GG,GG,GG,AA,CC,AA,CC,CC,CC,TT,GG,CC,GG,CASE
TC,GG,TT,GG,AG,GG,CC,GG,AG,GG,AA,CC,AA,CC,CC,CC,TT,GG,CC,GG,CASE
CC,?,TT,GG,AG,GG,CC,GG,AG,GG,AA,CC,AA,CC,CC,CC,TT,GG,CC,GG,CTRL
CC,GG,TT,GG,AG,GG,CC,GG,AA,GG,AA,CC,AA,CC,CC,CC,TT,GG,CC,GG,CTRL
CC,GG,TT,GG,GG,GG,CC,?,GG,GG,AA,CC,AA,CC,CC,CC,TT,GG,CC,GG,CTRL
CC,GG,TT,GG,GG,GG,CC,GG,AG,GG,AA,CC,AA,CC,CC,CC,TT,AA,CC,GG,CASE
CC,GG,?,GG,AA,GG,CC,GG,AA,GG,AA,CC,AA,CC,CC,CC,TT,GG,?,GG,CTRL
CC,GG,TT,GG,?,GG,CC,GG,GG,GG,AA,CC,AA,CC,CC,?,TT,GG,CC,GG,CASE
CC,GG,TT,GG,GG,GG,?,AG,GG,GG,AA,CC,AA,CC,CC,CC,TT,AA,CC,GG,CASE
CC,GG,TT,GG,AA,GG,CC,?,AG,GG,AA,CC,AA,CC,CC,CC,TT,GG,GG,GG,CASE
CC,GG,TT,GG,?,GG,CC,GG,AG,GG,AA,CC,AA,CC,CC,CC,TT,GG,CC,AA,CASE
CC,GG,TT,GG,AG,GG,CC,GG,GG,GG,AA,CC,AA,CC,CC,CC,TT,GG,GG,GG,CASE
CC,GG,TT,GG,GG,GG,CC,GG,AA,GG,AA,CC,AA,CC,CC,CC,TT,GG,CC,GG,CASE
CC,GG,TT,GG,GG,GG,CC,GG,AG,GG,AA,CC,AA,CC,CC,CC,TT,GG,CC,GG,CTRL
CC,GG,TT,GG,AG,GG,CC,GG,GG,GG,AA,CC,AA,CC,CC,CC,TT,GG,?,GG,CASE
?,GG,TT,?,?,GG,CC,?,AG,?,AA,CC,AA,CC,CC,CC,TT,GG,CC,GG,CTRL
CC,GG,TT,GG,AG,GG,CC,GG,GG,GG,AA,CC,AA,CC,CC,CC,TT,GG,CC,GG,CTRL
CC,GG,TT,GG,AG,GG,CC,GG,AG,GG,AA,CC,AA,CC,CC,CC,TT,GG,GG,GG,CASE
TC,?,TT,GG,AG,GG,CC,GG,AG,GG,AA,CC,AA,CC,CC,CC,TT,GG,CC,GG,CTRL
CC,?,TT,GG,AG,GG,CC,GG,AG,GG,AA,CC,AA,CC,?,CC,TT,GG,CC,GG,CASE
CC,AG,TT,GG,GG,GG,CC,GG,AG,GG,AA,AA,AA,CC,CC,CC,TT,?,CC,GG,CASE
CC,GG,TT,GG,GG,GG,CC,GG,?,GG,AA,CC,AA,CC,CC,CC,TT,GG,CC,GG,CASE
CC,?,TT,GG,AG,GG,CC,GG,AA,GG,AA,CC,AA,CC,CC,CC,TT,GG,CC,GG,CTRL
CC,GG,TT,GG,AG,GG,CC,GG,AG,GG,GA,CC,AA,CC,CC,CC,TT,GG,CC,GG,CASE
CC,GG,TT,GG,GG,GG,CC,GG,GG,GG,AA,CC,AA,CC,CC,CC,TT,GG,GG,GG,CASE
CC,GG,TT,GG,AG,GG,CC,?,?,GG,AA,CC,AA,CC,CC,CC,TT,GG,?,GG,CTRL
CC,GG,TT,GG,?,GG,CC,GG,AG,GG,AA,CC,AA,CC,CC,CC,TT,GG,CC,GG,CASE
CC,GG,TT,GG,GG,GG,CC,GG,AA,GG,GG,CC,AA,CC,CC,CC,TT,GG,CC,GG,CASE
CC,GG,TT,GG,AA,GG,CC,GG,?,GG,AA,CC,AA,CC,CC,CC,TT,AA,CC,GG,CASE
CC,GG,TT,GG,AG,GG,CC,GG,AG,GG,?,CC,AA,CC,CC,CC,TT,GG,?,GG,CASE
CC,GG,TT,GG,AA,GG,CC,GG,AG,GG,AA,CC,AA,CC,CC,CC,TT,GG,CC,GG,CTRL
CC,GG,TT,GG,AG,GG,CC,?,AA,GG,AA,CC,AA,CC,CC,CC,TT,GG,CC,GG,CASE
CC,GG,TT,GG,AG,GG,CC,GG,GG,GG,?,CC,AA,CC,CC,CC,TT,GG,CC,GG,CASE
CC,GG,TT,GG,AG,GG,CC,GG,AG,GG,AA,CC,AA,CC,CC,CC,TT,GG,CC,GG,CTRL
CC,GG,TT,GG,GG,GG,CC,GG,AG,?,AA,CC,AA,CC,CC,CC,TT,GG,CC,GG,CASE
CC,?,?,GG,AA,GG,CC,GG,AG,GG,AA,CC,AA,CC,CC,CC,TT,GG,GG,GG,CASE
CC,GG,TT,GG,GG,GG,CC,GG,AG,GG,AA,CC,AA,CC,TT,CC,TT,GG,CC,GG,CASE
CC,GG,TT,GG,AA,GG,CC,GG,AG,GG,AA,CC,AA,CC,CC,CC,TT,GG,CC,GG,CASE
CC,GG,TT,GG,GG,GG,CC,GG,AA,GG,AA,CC,AA,CC,CC,CC,TT,GG,?,GG,CASE
?,GG,TT,GG,AG,GG,CC,GG,AG,GG,AA,CC,AA,CC,CC,CC,TT,GG,CC,GG,CTRL
TT,AG,TT,GG,?,GG,CC,GG,AG,GG,AA,CC,AA,CC,CC,CC,TT,GG,CC,GG,CTRL
CC,AG,TT,GG,AA,GG,CC,GG,GG,GG,AA,AA,AA,CC,CC,CC,TT,GG,CC,GG,CASE
CC,GG,TT,GG,GG,GG,CC,GG,AG,GG,AA,CC,AA,CC,CC,CC,TT,GG,CC,GG,CASE
?,GG,CC,GG,AA,GG,CC,GG,AG,GG,AA,CC,TT,CC,CC,CC,TT,GG,GG,GG,CASE
CC,GG,TT,GG,AG,GG,CC,GG,AA,GG,AA,CC,AA,CC,CC,CC,TT,GG,CC,GG,CTRL
CC,AG,TT,GG,AA,GG,CC,GG,GG,GG,AA,CC,AA,CC,CC,CC,TT,GG,CC,GG,CASE
CC,GG,TT,GG,AA,GG,CC,GG,AG,GG,AA,CC,AA,CC,CC,CC,TT,AA,CC,GG,CASE
?,GG,CC,GG,AG,GG,CC,GG,GG,GG,AA,CC,TT,CC,CC,CC,TT,AA,?,GG,CASE
CC,GG,TT,GG,GG,GG,CC,GG,AA,GG,AA,CC,AA,CC,CC,CC,TT,GG,CC,GG,CTRL
CC,GG,TT,GG,AG,GG,CC,?,GG,GG,AA,CC,AA,CC,CC,CC,TT,GG,CC,GG,CASE
CC,GG,TT,AA,GG,GG,CC,AA,GG,AA,AA,CC,AA,TT,CC,TT,CC,GG,CC,AA,CASE
CC,GG,TT,GG,GG,GG,CC,GG,AG,GG,AA,CC,AA,CC,CC,CC,TT,GG,CC,GG,CTRL
CC,AG,TT,?,GG,GG,CC,GG,AG,GG,AA,CC,AA,CC,CC,CC,TT,GG,CC,GG,CASE
CC,AG,TT,AA,GG,GG,CC,?,AG,AA,AA,CC,AA,TT,CC,TT,?,GG,CC,AA,CASE
CC,GG,TT,GG,GG,GG,TC,GG,AG,GG,GA,CC,AA,CC,CC,CC,TT,GG,CC,GG,CASE
CC,?,TT,GG,GG,GG,CC,GG,AA,GG,AA,CC,AA,CC,CC,CC,TT,GG,CC,GG,CASE
CC,GG,?,?,AA,GG,CC,GG,AG,GG,AA,CC,AA,CC,CC,CC,TT,GG,CC,GG,CASE
CC,GG,TT,GG,AA,GG,CC,GG,AA,GG,AA,CC,AA,CC,CC,CC,TT,GG,CC,GG,CASE
CC,GG,TT,GG,AG,GG,CC,GG,AG,GG,GA,CC,AA,CC,CC,CC,TT,GG,CC,GG,CTRL
CC,GG,TT,GG,AA,GG,CC,GG,GG,GG,AA,CC,AA,CC,CC,CC,TT,GG,CC,GG,CASE
CC,GG,TT,GG,GG,GG,CC,GG,GG,GG,AA,CC,AA,CC,CC,CC,TT,GG,CC,GG,CASE
CC,?,TT,GG,AG,GG,CC,GG,GG,GG,AA,CC,AA,CC,TT,CC,TT,GG,CC,GG,CASE
CC,GG,TT,GG,AG,GG,CC,?,GG,GG,AA,?,AA,CC,CC,CC,TT,GG,?,GG,CASE
CC,GG,TT,GG,AG,GG,CC,GG,GG,GG,AA,CC,AA,CC,CC,CC,TT,GG,CC,GG,CASE
CC,GG,?,GG,?,GG,TC,?,AA,GG,AA,CC,AA,CC,CC,CC,TT,GG,CC,GG,CTRL
CC,GG,TT,GG,AG,GG,CC,GG,AA,GG,AA,CC,AA,CC,CC,CC,TT,GG,CC,GG,CTRL
CC,?,TT,GG,AA,GG,CC,GG,AG,GG,AA,CC,AA,CC,CC,CC,TT,GG,CC,GG,CASE
CC,AG,TT,GG,GG,GG,CC,GG,GG,GG,GA,AC,AA,CC,CC,CC,TT,GG,CC,GG,CTRL
CC,GG,TT,GG,AG,GG,CC,GG,GG,GG,AA,CC,AA,CC,TT,CC,TT,GG,CC,GG,CASE
CC,GG,TT,GG,GG,GG,CC,GG,AG,GG,AA,CC,AA,CC,CC,CC,TT,GG,?,GG,CTRL
CC,GG,?,GG,AA,GG,CC,GG,AG,GG,AA,CC,AA,CC,CC,CC,TT,GG,CC,GG,CTRL
CC,?,TT,GG,GG,GG,CC,GG,AG,GG,AA,CC,AA,CC,CC,CC,TT,GG,CC,GG,CTRL
CC,AG,?,?,AG,GG,CC,GG,GG,GG,AA,CC,AA,CC,CC,CC,TT,GG,GG,GG,CTRL
CC,AG,TT,GG,?,GG,CC,GG,GG,GG,AA,CC,AA,CC,CC,CC,TT,GG,CC,GG,CASE
?,GG,TT,GG,AA,GG,CC,GG,AG,GG,GA,CC,AA,CC,CC,CC,TT,GG,GG,GG,CTRL
?,AA,?,GG,GG,GG,CC,GG,GG,GG,GA,CC,AA,CC,CC,CC,TT,GG,CC,GG,CTRL
CC,GG,TT,GG,GG,GG,CC,GG,AG,GG,GA,CC,AA,CC,CC,CC,TT,GG,CC,GG,CTRL
CC,GG,TT,GG,AA,GG,CC,GG,AG,GG,?,CC,AA,CC,CC,CC,TT,GG,CC,GG,CASE
CC,GG,TT,GG,GG,GG,CC,GG,AG,GG,AA,CC,AA,CC,CC,CC,TT,GG,GG,GG,CASE
?,GG,TT,GG,?,GG,CC,GG,GG,GG,AA,CC,AA,CC,CC,CC,TT,GG,CC,GG,CTRL
CC,GG,TT,GG,GG,GG,CC,GG,AG,GG,AA,CC,AA,CC,CC,CC,TT,GG,CC,GG,CASE
CC,?,TT,GG,AA,GG,CC,GG,AG,GG,AA,CC,AA,CC,TT,CC,TT,GG,CC,GG,CASE
CC,GG,TT,GG,AG,GG,CC,?,AG,GG,?,CC,AA,CC,CC,CC,TT,GG,CC,GG,CTRL
CC,GG,TT,GG,AA,GG,TC,GG,AA,GG,AA,CC,?,CC,CC,?,TT,GG,CC,GG,CASE
CC,GG,TT,GG,AG,GG,CC,GG,GG,GG,AA,CC,AA,CC,CC,CC,TT,GG,CC,GG,CASE
CC,AG,TT,?,GG,GG,CC,AA,AG,?,AA,CC,AA,TT,CC,TT,CC,GG,CC,AA,CASE
CC,GG,TT,GG,AG,GG,CC,GG,AA,GG,AA,CC,AA,CC,TT,CC,TT,GG,CC,GG,CTRL
CC,AG,TT,GG,GG,GG,CC,GG,AG,GG,AA,CC,AA,CC,CC,CC,TT,GG,CC,GG,CASE
CC,?,TT,GG,AG,GG,CC,GG,AG,GG,AA,AA,AA,CC,CC,CC,TT,GG,CC,GG,CASE
TC,GG,TT,GG,AG,?,TT,GG,AG,GG,AA,CC,AA,CC,CC,CC,TT,GG,CC,AA,CASE
CC,GG,TT,GG,AG,GG,CC,GG,AG,GG,AA,CC,AA,CC,CC,CC,TT,GG,CC,GG,CASE
CC,GG,TT,GG,AG,GG,CC,GG,AG,GG,AA,CC,AA,CC,CC,CC,TT,GG,CC,GG,CASE
CC,AG,TT,GG,AA,GG,CC,GG,AG,GG,AA,CC,AA,CC,CC,CC,TT,GG,CC,AA,CASE
CC,GG,TT,GG,AG,GG,CC,GG,?,GG,AA,CC,AA,CC,CC,CC,TT,GG,CC,GG,CTRL
CC,GG,TT,GG,AG,GG,CC,GG,GG,GG,AA,CC,AA,CC,CC,CC,TT,GG,GG,GG,CTRL
CC,AA,TT,GG,AG,GG,CC,GG,AG,GG,AA,CC,AA,CC,CC,CC,TT,GG,CC,GG,CASE
CC,GG,TT,GG,GG,GG,CC,GG,?,GG,GA,CC,AA,CC,CC,CC,TT,GG,?,GG,CTRL
CC,GG,TT,GG,AG,GG,CC,GG,AA,GG,AA,CC,AA,CC,CC,CC,TT,GG,GG,GG,CTRL
CC,AG,TT,GG,AA,GG,CC,GG,GG,GG,AA,AA,AA,CC,CC,CC,TT,GG,GG,GG,CASE
CC,GG,TT,GG,AA,GG,CC,GG,AG,GG,AA,CC,AA,CC,CC,CC,TT,GG,CC,GG,CASE
CC,GG,TT,GG,GG,GG,CC,GG,AG,GG,AA,CC,AA,CC,CC,CC,TT,GG,CC,GG,CASE
CC,GG,TT,GG,GG,GG,CC,GG,AG,GG,AA,CC,AA,CC,CC,CC,TT,GG,CC,GG,CASE
CC,GG,?,GG,AG,GG,CC,GG,AG,GG,AA,CC,AA,CC,CC,CC,TT,GG,GG,GG,CTRL
CC,GG,TT,GG,AG,GG,CC,GG,?,GG,AA,CC,AA,CC,CC,CC,TT,AA,CC,GG,CASE
CC,GG,TT,GG,AA,GG,CC,GG,AG,GG,AA,CC,AA,CC,CC,CC,TT,GG,CC,GG,CTRL
?,AG,TT,GG,?,GG,CC,GG,AG,GG,GG,CC,AA,CC,CC,CC,TT,GG,CC,GG,CTRL
TC,?,TT,GG,AG,GG,CC,GG,GG,GG,AA,CC,AA,CC,CC,CC,TT,GG,CC,GG,CASE
?,GG,TT,GG,AG,AA,TT,GG,AG,GG,AA,CC,AA,CC,CC,CC,TT,GG,?,AA,CASE
CC,AG,TT,AA,AG,GG,CC,AA,AG,AA,AA,CC,AA,?,CC,TT,CC,GG,GG,AA,CASE
CC,GG,TT,GG,AA,GG,CC,GG,GG,GG,AA,CC,AA,CC,CC,CC,TT,GG,GG,GG,CASE
CC,GG,?,GG,AG,GG,CC,GG,GG,GG,AA,CC,AA,CC,CC,CC,TT,GG,CC,GG,CASE
CC,GG,TT,GG,?,GG,CC,GG,AG,GG,AA,?,AA,CC,CC,CC,TT,GG,GG,GG,CASE
CC,GG,TT,GG,AG,GG,CC,GG,GG,GG,AA,CC,AA,CC,CC,CC,TT,GG,CC,GG,CTRL
TC,GG,TT,AG,AG,?,TT,GG,AG,GG,AA,CC,AA,CC,CC,CC,TT,GG,CC,AA,CASE
CC,GG,?,GG,AA,GG,CC,GG,AG,GG,AA,CC,AA,CC,CC,CC,TT,GG,CC,GG,CTRL
CC,GG,TT,GG,GG,GG,CC,GG,AG,GG,AA,CC,AA,CC,CC,CC,TT,GG,?,GG,CASE
TC,AG,CT,GG,AG,GG,CC,GG,AG,GG,AA,CC,?,CC,CC,CC,TT,GG,GG,GG,CASE
CC,GG,CT,GG,GG,GG,CC,GG,AA,GG,AA,CC,AA,CC,CC,CC,TT,GG,CC,GG,CTRL
CC,GG,TT,GG,GG,GG,CC,GG,AA,GG,AA,CC,AA,CC,CC,CC,TT,GG,CC,GG,CTRL
CC,GG,TT,GG,GG,GG,CC,GG,GG,AG,AA,CC,AA,CC,CC,CC,TT,GG,CC,GG,CASE
CC,?,TT,GG,GG,GG,CC,GG,AG,GG,AA,CC,AA,CC,CC,CC,TT,GG,CC,GG,CTRL
TC,AG,TT,GG,AG,AA,TT,GG,GG,GG,AA,CC,AA,CC,CC,CC,TT,GG,CC,GG,CASE
CC,GG,TT,GG,AG,?,CC,GG,GG,GG,AA,CC,AA,CC,CC,CC,TT,GG,CC,GG,CTRL
CC,GG,TT,GG,AG,GG,CC,GG,AG,GG,AA,CC,AA,CC,CC,CC,TT,GG,GG,GG,CASE
CC,GG,TT,GG,GG,GG,CC,GG,AA,GG,AA,CC,AA,CC,CC,CC,TT,GG,CC,GG,CTRL
CC,GG,TT,GG,AG,GG,CC,GG,AG,GG,AA,CC,AA,CC,TT,CC,TT,GG,CC,GG,CASE
CC,AA,TT,GG,AG,GG,CC,GG,GG,GG,AA,CC,AA,CC,CC,CC,TT,GG,CC,GG,CTRL
CC,GG,TT,GG,GG,GG,CC,AG,AG,GG,AA,CC,AA,CC,CC,CC,TT,GG,CC,GG,CTRL
CC,GG,TT,GG,AA,GG,CC,GG,GG,?,AA,CC,AA,CC,CC,CC,TT,GG,CC,GG,CASE
?,?,TT,GG,AA,GG,CC,GG,AG,GG,AA,CC,AA,CC,CC,CC,TT,GG,CC,GG,CASE
?,GG,TT,GG,AG,GG,CC,GG,AG,GG,AA,CC,AA,CC,CC,CC,TT,GG,CC,GG,CTRL
CC,GG,TT,GG,AG,GG,CC,GG,AG,GG,AA,CC,AA,CC,?,CC,TT,GG,CC,GG,CASE
CC,GG,TT,GG,AG,GG,CC,GG,GG,GG,AA,CC,AA,CC,CC,CC,TT,GG,CC,GG,CTRL
CC,GG,TT,GG,AG,GG,CC,GG,AG,GG,AA,CC,AA,CC,CC,CC,TT,GG,CC,GG,CTRL
CC,GG,TT,GG,?,GG,CC,GG,GG,GG,AA,CC,AA,CC,CC,CC,TT,GG,CC,GG,CTRL
CC,GG,TT,GG,AG,GG,CC,GG,AG,GG,AA,CC,AA,CC,TT,CC,TT,GG,CC,GG,CASE
CC,GG,TT,GG,AG,AA,TT,GG,AG,GG,AA,CC,AA,CC,CC,CC,TT,GG,CC,AA,CASE
CC,AG,TT,GG,AA,GG,CC,GG,GG,GG,AA,CC,AA,CC,CC,CC,TT,GG,CC,GG,CTRL
CC,GG,?,GG,GG,GG,CC,GG,AA,GG,AA,CC,AA,CC,CC,CC,TT,GG,GG,GG,CTRL
CC,GG,TT,GG,GG,GG,CC,GG,GG,AG,AA,CC,AA,CC,CC,CC,TT,GG,?,GG,CASE
TC,GG,TT,GG,AA,?,TT,GG,GG,GG,AA,CC,AA,CC,CC,?,TT,?,CC,AA,CASE
?,GG,TT,?,GG,GG,CC,GG,AA,GG,GA,CC,AA,CC,CC,CC,TT,AA,CC,GG,CASE
?,AG,CC,GG,GG,GG,CC,GG,AG,GG,AA,CC,TT,CC,CC,CC,TT,AA,GG,GG,CASE
CC,GG,TT,GG,AG,GG,CC,GG,GG,GG,AA,CC,AA,CC,CC,CC,TT,GG,CC,GG,CTRL
CC,AA,TT,GG,AG,GG,CC,GG,AG,GG,AA,?,AA,CC,CC,CC,TT,GG,CC,GG,CASE
CC,GG,TT,GG,GG,GG,CC,GG,GG,GG,GG,CC,AA,CC,CC,CC,TT,GG,GG,GG,CTRL
CC,AG,TT,GG,AA,GG,CC,GG,AG,GG,AA,CC,AA,CC,CC,CC,TT,GG,GG,GG,CASE
CC,AG,TT,GG,GG,GG,CC,GG,AG,GG,AA,AA,AA,CC,CC,CC,TT,GG,CC,GG,CASE
CC,GG,TT,GG,AA,GG,CC,GG,GG,GG,AA,CC,AA,CC,CC,CC,TT,GG,CC,GG,CASE
CC,GG,TT,GG,GG,GG,CC,GG,AG,GG,AA,CC,AA,CC,CC,CC,TT,GG,CC,GG,CTRL
TC,GG,TT,GG,AG,?,?,GG,AG,GG,AA,CC,AA,CC,CC,CC,TT,GG,CC,AA,CASE
TC,GG,TT,GG,AG,?,TT,AG,AG,GG,AA,CC,AA,CC,TT,CC,TT,GG,CC,AA,CASE
CC,GG,TT,GG,GG,GG,CC,GG,AG,GG,GA,CC,AA,CC,CC,CC,TT,GG,CC,GG,CASE
CC,GG,TT,GG,GG,GG,CC,GG,AG,GG,AA,CC,AA,CC,CC,CC,TT,GG,CC,GG,CASE
CC,GG,TT,GG,AG,GG,CC,GG,GG,GG,AA,CC,AA,CC,CC,CC,TT,GG,CC,GG,CTRL
CC,GG,TT,GG,GG,GG,CC,GG,AG,GG,AA,CC,AA,CC,CC,CC,TT,GG,CC,GG,CASE
?,GG,TT,GG,GG,GG,CC,GG,AG,GG,?,CC,AA,CC,CC,CC,TT,GG,CC,GG,CASE
TC,GG,CC,GG,AA,GG,CC,GG,AG,GG,AA,CC,TT,CC,CC,CC,TT,GG,GG,GG,CASE
CC,GG,TT,GG,AG,GG,CC,GG,AA,GG,AA,CC,AA,CC,CC,CC,TT,GG,GG,GG,CTRL
CC,GG,TT,GG,GG,GG,CC,GG,GG,GG,AA,CC,AA,?,CC,CC,TT,GG,CC,GG,CTRL
TC,GG,TT,GG,AG,GG,CC,GG,GG,GG,AA,CC,AA,CC,CC,CC,TT,GG,GG,GG,CASE
TT,GG,TT,GG,AA,GG,CC,GG,GG,GG,AA,CC,AA,CC,CC,CC,TT,GG,CC,GG,CASE
CC,GG,TT,GG,GG,GG,CC,GG,GG,GG,AA,CC,AA,CC,CC,CC,TT,GG,CC,GG,CASE
CC,GG,?,GG,AG,GG,CC,GG,GG,GG,AA,CC,AA,CC,CC,CC,TT,GG,CC,GG,CTRL
CC,GG,TT,GG,GG,GG,CC,GG,GG,GG,GA,CC,AA,CC,CC,CC,TT,GG,CC,GG,CTRL
CC,GG,TT,GG,GG,GG,CC,GG,GG,GG,AA,CC,AA,CC,CC,CC,TT,GG,CC,GG,CTRL
CC,GG,?,GG,AG,GG,CC,GG,AG,GG,AA,CC,AA,CC,CC,CC,TT,GG,CC,GG,CTRL
CC,AG,TT,GG,GG,GG,CC,GG,AG,GG,GA,CC,AA,CC,CC,CC,TT,GG,GG,GG,CTRL
CC,GG,TT,GG,?,GG,CC,GG,AG,GG,AA,CC,AA,CC,CC,CC,TT,GG,CC,GG,CASE
CC,GG,TT,GG,GG,GG,CC,GG,AG,GG,AA,CC,AA,CC,CC,CC,TT,GG,CC,GG,CASE
CC,GG,TT,GG,GG,GG,CC,GG,AA,GG,AA,CC,AA,CC,CC,CC,TT,GG,CC,GG,CTRL
TC,GG,TT,GG,GG,GG,CC,GG,GG,GG,AA,CC,AA,CC,CC,CC,TT,GG,CC,GG,CTRL
CC,AG,TT,GG,?,GG,CC,GG,AG,GG,GA,CC,AA,CC,CC,CC,TT,GG,?,GG,CTRL
TC,GG,CC,GG,AA,GG,CC,?,AG,GG,AA,CC,TT,CC,CC,CC,TT,AA,GG,GG,CASE
TC,AG,TT,GG,AG,AA,TT,GG,AG,GG,AA,CC,AA,CC,CC,CC,TT,GG,CC,AA,CASE
CC,GG,TT,GG,AG,GG,CC,?,AG,GG,GA,CC,AA,CC,CC,CC,TT,GG,CC,GG,CTRL
TC,?,TT,GG,AG,GG,CC,GG,AG,GG,AA,CC,AA,CC,CC,CC,TT,GG,?,GG,CASE
CC,GG,TT,GG,GG,GG,CC,GG,GG,GG,AA,CC,AA,CC,CC,CC,TT,GG,CC,GG,CTRL
CC,GG,TT,GG,GG,GG,CC,GG,AG,GG,AA,CC,AA,CC,CC,CC,TT,AA,CC,GG,CASE
CC,GG,TT,GG,AG,?,?,GG,GG,GG,AA,CC,AA,CC,CC,CC,TT,GG,CC,GG,CASE
?,GG,?,GG,?,GG,CC,GG,AG,GG,GG,CC,AA,CC,CC,CC,TT,GG,CC,GG,CTRL
?,GG,?,GG,AG,GG,?,GG,AG,GG,GA,CC,AA,CC,CC,CC,TT,GG,CC,GG,CTRL
CC,GG,TT,GG,AG,GG,CC,GG,AG,GG,AA,CC,AA,CC,CC,CC,TT,GG,CC,GG,CASE
CC,AG,TT,GG,AA,GG,CC,GG,AG,GG,AA,CC,AA,CC,CC,CC,TT,GG,GG,GG,CASE
CC,GG,TT,GG,?,GG,CC,GG,AG,GG,AA,CC,AA,CC,CC,CC,TT,GG,CC,GG,CASE
CC,GG,TT,GG,AG,GG,CC,GG,AG,GG,GA,CC,AA,CC,CC,CC,TT,GG,CC,GG,CTRL
?,AG,TT,GG,GG,GG,CC,GG,GG,GG,?,CC,AA,CC,CC,CC,TT,GG,CC,GG,CTRL
CC,GG,TT,GG,GG,GG,?,GG,AG,GG,AA,CC,AA,CC,TT,CC,TT,GG,CC,GG,CASE
CC,GG,TT,GG,AG,GG,CC,GG,AG,GG,AA,CC,AA,CC,CC,CC,TT,GG,GG,GG,CASE
CC,GG,TT,GG,?,GG,CC,GG,AA,GG,AA,CC,AA,CC,CC,CC,TT,GG,CC,GG,CTRL
CC,GG,CT,?,GG,GG,CC,GG,AG,GG,AA,CC,AA,CC,CC,CC,TT,GG,CC,GG,CTRL
CC,GG,TT,GG,?,GG,CC,GG,AG,GG,?,CC,AA,CC,CC,CC,TT,GG,CC,GG,CASE
CC,GG,TT,GG,GG,GG,CC,GG,AG,GG,AA,CC,AA,CC,CC,CC,TT,GG,CC,GG,CASE
CC,GG,TT,GG,AG,GG,CC,GG,AG,GG,AA,CC,AA,CC,CC,CC,TT,GG,CC,GG,CTRL
CC,GG,TT,GG,AG,GG,CC,GG,AG,GG,AA,CC,AA,CC,CC,CC,TT,GG,CC,GG,CASE
CC,GG,TT,GG,AG,GG,CC,GG,?,GG,AA,CC,AA,CC,CC,CC,TT,GG,CC,GG,CTRL
CC,GG,TT,GG,AG,GG,CC,GG,AG,GG,AA,CC,AA,CC,CC,CC,TT,GG,CC,GG,CASE
CC,?,TT,GG,AG,GG,CC,GG,AA,GG,AA,CC,AA,CC,CC,CC,TT,GG,CC,GG,CASE
CC,GG,TT,GG,GG,GG,CC,GG,GG,GG,AA,CC,AA,CC,CC,CC,TT,GG,CC,GG,CASE
CC,GG,TT,GG,?,GG,CC,GG,GG,?,AA,CC,AA,CC,CC,CC,TT,GG,CC,GG,CTRL
CC,?,TT,GG,AG,GG,CC,GG,AG,GG,AA,CC,AA,CC,CC,CC,TT,GG,CC,GG,CASE
CC,GG,TT,GG,AG,GG,CC,GG,GG,GG,AA,CC,AA,CC,CC,CC,TT,GG,CC,GG,CASE
CC,GG,TT,GG,GG,GG,CC,GG,AG,GG,AA,CC,AA,CC,CC,CC,TT,GG,CC,GG,CASE
CC,GG,TT,GG,GG,GG,CC,GG,AG,GG,AA,CC,AA,CC,TT,CC,TT,GG,CC,GG,CASE
CC,GG,TT,GG,AA,GG,CC,?,AG,GG,AA,CC,AA,CC,CC,CC,TT,GG,CC,GG,CTRL
CC,GG,?,GG,AA,GG,CC,?,AG,GG,?,CC,AA,CC,CC,CC,TT,GG,GG,GG,CASE
CC,GG,TT,GG,GG,GG,CC,GG,GG,GG,GA,CC,AA,CC,CC,CC,TT,GG,CC,GG,CTRL
CC,?,TT,GG,AA,GG,CC,GG,GG,GG,?,CC,AA,CC,CC,CC,TT,GG,GG,AA,CASE
TC,GG,CC,GG,?,GG,CC,GG,GG,GG,?,CC,AA,CC,CC,CC,TT,GG,GG,GG,CASE
CC,GG,TT,GG,GG,GG,CC,GG,GG,GG,AA,CC,AA,CC,CC,CC,TT,GG,CC,GG,CTRL
CC,GG,TT,GG,AG,GG,CC,GG,AA,GG,AA,CC,AA,CC,CC,CC,TT,GG,CC,GG,CTRL
CC,GG,TT,GG,?,GG,CC,GG,AA,GG,AA,CC,AA,CC,CC,CC,TT,GG,CC,GG,CTRL
CC,GG,TT,GG,AG,GG,CC,GG,AA,GG,AA,CC,AA,CC,CC,CC,TT,GG,CC,GG,CASE
CC,?,TT,GG,GG,GG,CC,GG,GG,GG,AA,CC,AA,CC,CC,CC,TT,GG,CC,GG,CASE
CC,GG,TT,GG,AG,GG,CC,GG,AG,GG,AA,CC,AA,CC,CC,CC,TT,GG,CC,GG,CASE
CC,AG,TT,GG,AG,GG,CC,GG,AG,GG,AA,CC,AA,CC,CC,CC,TT,GG,CC,GG,CASE
CC,GG,TT,GG,AG,GG,CC,GG,AG,GG,AA,CC,AA,CC,CC,CC,TT,GG,CC,GG,CASE
CC,GG,TT,GG,GG,GG,CC,GG,GG,GG,AA,CC,AA,CC,CC,CC,TT,GG,CC,GG,CASE
TC,GG,TT,GG,AA,?,TT,GG,GG,GG,AA,CC,AA,CC,CC,CC,TT,GG,CC,AA,CASE
CC,GG,TT,GG,AG,GG,CC,GG,AG,GG,AA,CC,AA,CC,CC,CC,TT,GG,CC,GG,CTRL
CC,GG,TT,GG,GG,GG,?,GG,AA,GG,AA,CC,AA,CC,CC,CC,TT,GG,CC,GG,CTRL
CC,GG,TT,GG,AG,GG,CC,GG,?,GG,AA,CC,AA,CC,CC,CC,TT,GG,GG,GG,CASE
CC,GG,TT,GG,AG,GG,CC,GG,AA,GG,AA,CC,AA,CC,CC,CC,TT,GG,CC,GG,CTRL
CC,AG,TT,GG,GG,GG,CC,GG,AG,GG,AA,CC,AA,CC,CC,CC,TT,GG,CC,GG,CTRL
CC,?,TT,GG,AG,GG,CC,GG,AA,GG,AA,CC,AA,CC,CC,CC,TT,GG,?,GG,CASE
TC,GG,TT,GG,AG,GG,CC,GG,AG,GG,AA,CC,AA,CC,CC,CC,TT,GG,CC,AA,CTRL
CC,GG,TT,GG,GG,GG,CC,GG,AG,GG,AA,CC,AA,CC,CC,CC,TT,GG,CC,GG,CTRL
CC,AG,TT,GG,AG,GG,CC,GG,GG,GG,AA,CC,AA,CC,CC,CC,TT,GG,CC,GG,CASE
CC,GG,CT,GG,AA,GG,?,GG,AA,GG,AA,CC,AA,CC,CC,CC,TT,GG,CC,GG,CTRL
CC,?,TT,GG,GG,GG,CC,GG,AG,GG,GA,CC,AA,CC,CC,CC,TT,GG,CC,GG,CTRL
CC,GG,TT,GG,AG,GG,CC,GG,AG,GG,AA,CC,AA,CC,CC,CC,TT,GG,CC,GG,CASE
?,AG,TT,GG,AG,GG,CC,GG,AG,GG,AA,CC,AA,CC,CC,CC,TT,GG,CC,GG,CTRL
TC,GG,TT,GG,AG,GG,CC,GG,GG,GG,AA,CC,AA,CC,CC,CC,TT,GG,CC,GG,CASE
CC,GG,TT,GG,AG,GG,CC,AG,GG,GG,AA,CC,AA,CC,CC,?,TT,GG,CC,GG,CASE
CC,GG,TT,GG,AA,GG,CC,GG,GG,GG,AA,CC,AA,CC,CC,CC,TT,GG,CC,GG,CASE
?,AG,?,GG,AG,GG,?,GG,AG,GG,GG,CC,AA,CC,CC,CC,TT,GG,CC,GG,CASE
CC,GG,TT,GG,GG,GG,CC,GG,GG,GG,AA,CC,AA,CC,CC,CC,TT,GG,CC,GG,CASE
CC,GG,TT,GG,GG,GG,CC,GG,AG,GG,AA,?,AA,CC,TT,CC,TT,GG,CC,GG,CASE
CC,GG,?,GG,AG,GG,CC,GG,GG,GG,AA,CC,AA,CC,CC,CC,TT,GG,CC,GG,CASE
CC,GG,TT,GG,AG,GG,CC,GG,GG,GG,AA,CC,AA,CC,CC,CC,TT,GG,GG,GG,CASE
CC,GG,TT,GG,GG,?,CC,GG,AG,GG,AA,CC,AA,CC,CC,?,TT,GG,?,GG,CASE
CC,GG,TT,GG,GG,GG,CC,GG,GG,GG,AA,CC,AA,CC,CC,CC,TT,GG,CC,GG,CASE
CC,GG,TT,GG,AG,GG,CC,GG,AG,?,AA,CC,AA,CC,CC,CC,TT,GG,CC,GG,CASE
CC,GG,TT,GG,GG,GG,CC,GG,AA,GG,AA,CC,AA,CC,CC,CC,TT,GG,CC,GG,CASE
CC,GG,TT,GG,GG,GG,CC,GG,AG,GG,AA,CC,AA,CC,CC,CC,TT,GG,CC,GG,CTRL
CC,?,TT,GG,GG,GG,CC,GG,AA,GG,AA,CC,AA,CC,CC,CC,TT,GG,CC,GG,CASE
TC,GG,CC,GG,AA,GG,CC,GG,AG,GG,?,CC,TT,CC,CC,CC,TT,AA,GG,GG,CASE
CC,?,TT,GG,AA,GG,CC,GG,AG,GG,AA,CC,AA,CC,CC,CC,TT,GG,CC,GG,CTRL
CC,GG,TT,GG,AG,GG,CC,GG,GG,GG,AA,CC,AA,CC,CC,CC,TT,GG,?,GG,CTRL
CC,GG,TT,GG,GG,GG,CC,GG,AG,GG,AA,CC,AA,CC,CC,CC,TT,GG,CC,GG,CTRL
CC,?,TT,GG,AG,GG,CC,GG,GG,GG,AA,CC,AA,CC,CC,CC,TT,GG,CC,?,CASE
CC,GG,TT,GG,GG,GG,CC,GG,AG,GG,AA,CC,AA,?,CC,CC,TT,GG,CC,GG,CASE
TC,?,TT,GG,AA,?,?,GG,GG,GG,AA,CC,AA,CC,TT,CC,TT,GG,CC,AA,CASE
CC,GG,TT,GG,AA,GG,CC,GG,AG,GG,AA,CC,AA,CC,CC,CC,TT,GG,CC,GG,CTRL
CC,GG,TT,GG,AA,GG,CC,GG,AG,GG,AA,CC,AA,CC,CC,CC,TT,GG,GG,GG,CASE
TC,GG,TT,GG,?,GG,CC,GG,AG,GG,AA,CC,AA,CC,CC,CC,TT,GG,CC,GG,CTRL
CC,GG,TT,GG,AG,GG,CC,GG,AA,GG,AA,CC,AA,CC,CC,CC,TT,GG,CC,GG,CTRL
CC,GG,TT,GG,AA,GG,CC,?,AG,GG,AA,CC,AA,CC,CC,CC,TT,AA,CC,GG,CASE
?,AG,TT,GG,AG,GG,CC,GG,AA,GG,AA,CC,AA,CC,CC,CC,TT,GG,CC,GG,CTRL
CC,AG,TT,GG,AG,GG,CC,GG,AG,GG,AA,CC,AA,CC,CC,CC,TT,AA,GG,GG,CASE
CC,GG,TT,GG,AG,GG,CC,GG,AA,GG,AA,CC,AA,CC,CC,CC,TT,GG,CC,GG,CASE
CC,AG,TT,GG,GG,GG,CC,GG,GG,GG,AA,CC,AA,CC,CC,CC,TT,GG,CC,GG,CTRL
CC,GG,?,GG,AG,GG,CC,GG,AG,GG,AA,CC,AA,CC,CC,CC,TT,GG,CC,GG,CTRL
CC,?,TT,GG,GG,GG,CC,GG,AG,GG,AA,CC,AA,CC,CC,CC,TT,GG,CC,GG,CTRL
CC,GG,TT,GG,AG,GG,CC,?,GG,GG,AA,CC,AA,CC,CC,CC,TT,GG,?,GG,CTRL
CC,?,TT,GG,GG,GG,CC,GG,AG,GG,AA,CC,AA,CC,CC,CC,TT,GG,CC,GG,CTRL
CC,GG,TT,GG,GG,GG,CC,GG,AA,GG,AA,CC,AA,CC,CC,CC,TT,GG,CC,GG,CTRL
CC,GG,TT,GG,GG,GG,CC,GG,AG,GG,AA,CC,AA,CC,CC,CC,TT,GG,CC,GG,CTRL
CC,GG,TT,GG,AG,GG,CC,GG,GG,GG,?,CC,AA,CC,CC,CC,TT,GG,CC,GG,CTRL
CC,GG,TT,AG,AG,GG,CC,GG,GG,GG,AA,CC,AA,CC,CC,CC,TT,GG,CC,GG,CASE
CC,GG,TT,GG,GG,GG,CC,GG,GG,GG,GA,CC,AA,CC,CC,CC,TT,GG,CC,GG,CTRL
CC,GG,TT,GG,AG,GG,CC,GG,AG,GG,AA,CC,AA,CC,CC,CC,TT,GG,GG,GG,CASE
?,GG,?,GG,AG,GG,CC,GG,GG,GG,GA,CC,AA,CC,CC,CC,TT,GG,CC,GG,CTRL
CC,GG,TT,GG,?,GG,CC,GG,AA,GG,AA,CC,AA,CC,CC,CC,TT,GG,GG,GG,CTRL
CC,AG,TT,GG,GG,GG,CC,GG,GG,GG,AA,?,AA,CC,CC,CC,TT,GG,CC,GG,CASE
CC,GG,TT,GG,GG,GG,CC,GG,AG,GG,AA,CC,AA,CC,CC,CC,TT,GG,CC,GG,CTRL
CC,GG,TT,GG,AG,GG,CC,?,AG,GG,AA,CC,AA,CC,CC,CC,TT,GG,CC,GG,CASE
CC,AG,TT,GG,GG,GG,CC,GG,AG,GG,AA,CC,AA,CC,CC,CC,TT,GG,CC,GG,CTRL
CC,GG,?,GG,AA,GG,CC,GG,AG,GG,AA,CC,AA,CC,CC,CC,TT,GG,CC,GG,CTRL
CC,GG,TT,GG,AG,GG,CC,GG,AG,GG,AA,CC,AA,CC,CC,CC,TT,GG,CC,GG,CASE
CC,AG,TT,AA,AG,GG,CC,AA,GG,?,?,CC,AA,TT,CC,TT,CC,GG,CC,AA,CASE
CC,?,TT,GG,AG,GG,CC,GG,GG,GG,AA,CC,AA,CC,CC,CC,TT,GG,CC,GG,CASE
CC,GG,TT,GG,GG,GG,CC,GG,?,GG,GA,CC,AA,CC,CC,CC,TT,GG,GG,GG,CTRL
CC,GG,TT,GG,AG,GG,CC,GG,AG,GG,AA,CC,AA,CC,CC,CC,TT,GG,CC,GG,CASE
CC,GG,TT,GG,GG,GG,CC,?,AG,GG,GA,CC,AA,CC,CC,CC,TT,GG,CC,GG,CTRL
CC,AG,TT,GG,GG,GG,CC,GG,GG,GG,AA,CC,AA,CC,CC,CC,TT,GG,CC,GG,CTRL
CC,GG,TT,GG,?,GG,CC,GG,GG,GG,AA,CC,AA,CC,CC,CC,TT,GG,CC,GG,CASE
CC,GG,TT,GG,AG,GG,CC,GG,AA,GG,AA,?,AA,CC,CC,CC,TT,GG,CC,GG,CTRL
CC,GG,TT,?,GG,GG,CC,GG,GG,GG,GA,CC,AA,CC,CC,CC,TT,GG,CC,GG,CTRL
CC,GG,TT,GG,AG,GG,CC,GG,GG,GG,GA,CC,AA,CC,CC,CC,TT,GG,CC,GG,CTRL
CC,AG,TT,?,GG,GG,CC,?,AG,?,AA,?,AA,TT,CC,TT,?,GG,CC,AA,CASE
CC,GG,TT,GG,?,GG,CC,GG,AG,GG,AA,CC,AA,CC,CC,CC,TT,GG,?,GG,CASE
CC,GG,TT,GG,GG,GG,CC,GG,GG,GG,AA,CC,AA,CC,CC,CC,TT,?,CC,GG,CTRL
CC,GG,TT,GG,GG,GG,CC,GG,AG,GG,AA,CC,AA,CC,CC,CC,TT,GG,CC,GG,CASE
CC,AA,TT,GG,AA,GG,CC,GG,AG,GG,AA,CC,AA,CC,TT,CC,TT,GG,CC,GG,CASE
?,GG,?,GG,?,GG,CC,GG,AA,AG,AA,CC,AA,CC,CC,CC,TT,AA,CC,GG,CTRL
CC,GG,TT,GG,AA,GG,CC,GG,GG,GG,AA,CC,AA,CC,CC,CC,TT,GG,CC,GG,CASE
CC,GG,TT,GG,GG,GG,CC,GG,GG,GG,AA,CC,AA,CC,CC,CC,TT,GG,CC,GG,CTRL
CC,GG,TT,GG,GG,GG,CC,GG,AA,GG,AA,CC,AA,CC,CC,CC,TT,GG,CC,GG,CTRL
CC,GG,TT,GG,AG,GG,CC,GG,AG,GG,AA,CC,AA,CC,CC,CC,TT,GG,CC,GG,CASE
TC,GG,TT,GG,AG,GG,CC,GG,GG,GG,AA,CC,AA,CC,CC,CC,TT,GG,CC,GG,CTRL
CC,AG,TT,GG,AG,GG,CC,GG,GG,GG,AA,CC,AA,CC,CC,CC,TT,GG,CC,GG,CTRL
CC,GG,TT,GG,GG,GG,CC,GG,AG,GG,GA,CC,AA,CC,CC,CC,TT,GG,?,GG,CTRL
CC,AG,TT,GG,AA,AG,CC,GG,AA,GG,AA,CC,AA,CC,CC,CC,TT,GG,GG,GG,CASE
?,AG,?,?,AG,GG,?,GG,AG,GG,GA,CC,AA,CC,CC,CC,TT,GG,GG,GG,CTRL
CC,GG,TT,GG,GG,GG,CC,GG,GG,GG,AA,CC,AA,CC,CC,CC,TT,GG,CC,GG,CTRL
CC,GG,TT,GG,AG,GG,CC,GG,AG,GG,AA,CC,AA,CC,CC,CC,TT,GG,CC,GG,CTRL
?,AG,TT,GG,AA,AA,TT,GG,GG,GG,AA,CC,AA,CC,CC,CC,TT,GG,GG,AA,CASE
CC,AG,TT,GG,GG,GG,CC,GG,AA,GG,AA,CC,AA,CC,CC,CC,TT,GG,CC,GG,CTRL
?,GG,TT,GG,GG,GG,CC,GG,AG,GG,AA,CC,AA,CC,CC,CC,TT,GG,CC,GG,CTRL
CC,AG,TT,GG,GG,GG,CC,GG,AG,GG,AA,CC,AA,CC,CC,CC,TT,GG,CC,GG,CTRL
CC,GG,TT,GG,GG,GG,CC,GG,AA,GG,GA,CC,AA,CC,CC,CC,TT,GG,CC,GG,CTRL
CC,AG,TT,AA,AG,GG,CC,AA,AG,?,AA,CC,AA,TT,CC,TT,?,GG,?,AA,CASE
CC,GG,TT,GG,GG,GG,CC,AG,AA,GG,AA,CC,AA,CC,CC,CC,TT,?,?,GG,CTRL
CC,GG,TT,GG,AA,GG,CC,?,AA,GG,AA,CC,AA,CC,CC,CC,TT,GG,CC,GG,CASE
CC,GG,TT,GG,AG,GG,CC,GG,GG,GG,AA,CC,AA,CC,TT,CC,TT,GG,CC,GG,CASE
?,AA,TT,AA,?,GG,CC,?,GG,AA,AA,CC,AA,?,CC,TT,?,GG,CC,GG,CASE
CC,GG,TT,GG,AG,GG,CC,GG,AG,GG,AA,CC,AA,CC,CC,CC,TT,GG,CC,GG,CTRL
CC,GG,TT,GG,AG,GG,CC,AG,AA,GG,AA,CC,AA,CC,CC,CC,TT,GG,CC,GG,CASE
CC,GG,TT,GG,AG,GG,CC,GG,GG,GG,AA,CC,AA,CC,CC,CC,TT,?,GG,GG,CASE
CC,GG,TT,GG,GG,GG,CC,GG,AG,GG,AA,CC,AA,CC,CC,CC,TT,GG,CC,GG,CTRL
CC,GG,TT,GG,AG,GG,TC,?,AA,GG,AA,CC,AA,CC,CC,CC,TT,GG,CC,GG,CTRL
CC,GG,TT,GG,GG,GG,CC,GG,GG,GG,AA,CC,AA,CC,CC,CC,TT,GG,CC,GG,CTRL
TC,?,TT,GG,AA,GG,CC,GG,GG,GG,AA,CC,AA,CC,CC,CC,TT,GG,CC,GG,CASE
CC,GG,TT,GG,AG,GG,CC,GG,AG,GG,AA,AA,AA,CC,CC,CC,TT,GG,CC,GG,CASE
CC,GG,TT,GG,AG,GG,CC,GG,GG,GG,AA,CC,AA,CC,CC,CC,TT,GG,CC,GG,CASE
CC,GG,TT,GG,AA,GG,CC,?,AG,GG,AA,CC,AA,CC,CC,CC,TT,GG,CC,GG,CASE
TC,GG,TT,GG,?,AA,TT,GG,GG,GG,?,CC,AA,CC,CC,CC,TT,GG,CC,AA,CASE
TT,AG,TT,GG,AG,GG,CC,GG,GG,GG,AA,CC,AA,CC,CC,CC,TT,GG,CC,GG,CASE
CC,AG,TT,GG,AG,GG,CC,GG,GG,GG,?,CC,AA,CC,CC,CC,TT,AA,CC,GG,CASE
CC,GG,TT,GG,GG,GG,CC,GG,AA,GG,GA,CC,AA,CC,CC,CC,TT,GG,CC,GG,CTRL
CC,GG,TT,GG,AA,GG,CC,GG,AG,GG,AA,CC,AA,CC,CC,CC,TT,GG,CC,GG,CTRL
CC,GG,TT,?,GG,GG,?,GG,AG,GG,GA,AC,AA,CC,CC,CC,TT,GG,GG,GG,CTRL
TC,GG,CC,GG,AA,GG,CC,GG,AG,GG,AA,CC,TT,CC,CC,CC,TT,GG,GG,GG,CASE
CC,GG,TT,GG,?,GG,CC,GG,AG,GG,?,CC,AA,CC,CC,CC,TT,GG,CC,GG,CTRL
?,AG,?,GG,GG,GG,CC,GG,AG,GG,AA,AA,AA,CC,CC,CC,TT,GG,CC,GG,CASE
TC,GG,TT,GG,?,GG,?,GG,AG,GG,AA,CC,AA,CC,CC,CC,TT,GG,CC,GG,CTRL
CC,GG,TT,GG,GG,GG,CC,GG,AA,GG,AA,CC,AA,CC,CC,CC,TT,GG,CC,GG,CASE
CC,GG,TT,GG,AG,GG,CC,GG,GG,GG,AA,CC,AA,CC,CC,CC,TT,GG,CC,GG,CASE
CC,GG,TT,GG,?,GG,CC,GG,AG,GG,AA,CC,AA,CC,CC,CC,TT,GG,GG,GG,CASE
CC,GG,TT,GG,GG,GG,CC,?,AA,GG,AA,CC,AA,CC,CC,CC,TT,GG,CC,GG,CASE
CC,AG,TT,GG,GG,GG,CC,AG,AG,GG,AA,CC,AA,CC,CC,CC,TT,GG,CC,GG,CASE
CC,GG,TT,GG,AG,GG,CC,GG,GG,GG,AA,CC,AA,CC,CC,CC,TT,GG,CC,GG,CTRL
?,GG,TT,GG,GG,?,TT,GG,AG,GG,AA,CC,AA,CC,CC,CC,TT,GG,CC,AA,CASE
?,GG,TT,GG,AA,AA,TT,GG,GG,GG,AA,CC,AA,CC,CC,CC,TT,GG,CC,AA,CASE
CC,GG,TT,GG,AG,GG,CC,GG,AG,GG,AA,CC,AA,CC,CC,CC,TT,GG,CC,AA,CASE
CC,AG,?,AA,AG,GG,CC,?,AG,?,AA,CC,AA,TT,CC,TT,CC,GG,CC,AA,CASE
CC,AG,TT,GG,GG,GG,CC,GG,AA,GG,AA,CC,AA,CC,CC,CC,TT,GG,?,GG,CTRL
CC,AG,TT,AA,?,GG,CC,AA,AG,AA,AA,CC,AA,TT,CC,TT,CC,GG,CC,AA,CASE
CC,GG,TT,?,GG,GG,?,GG,GG,GG,AA,CC,AA,CC,CC,CC,TT,GG,?,GG,CTRL
CC,GG,TT,GG,AG,GG,CC,GG,GG,GG,AA,CC,AA,CC,CC,CC,TT,GG,GG,GG,CASE
CC,?,TT,AA,GG,GG,CC,AA,AG,?,AA,CC,AA,TT,CC,TT,CC,GG,GG,AA,CASE
CC,?,TT,GG,GG,GG,CC,GG,AA,GG,AA,CC,AA,CC,CC,CC,TT,GG,?,GG,CASE
TC,GG,CC,?,GG,GG,CC,GG,GG,GG,AA,CC,TT,CC,CC,CC,TT,GG,GG,GG,CASE
CC,GG,TT,GG,?,GG,CC,GG,GG,GG,GA,CC,AA,CC,CC,CC,TT,GG,CC,GG,CTRL
CC,GG,TT,GG,AG,GG,CC,GG,AG,GG,AA,CC,AA,TT,TT,CC,TT,GG,CC,GG,CASE
CC,GG,TT,GG,GG,GG,CC,GG,AG,GG,AA,?,AA,CC,CC,CC,TT,GG,CC,GG,CASE
CC,GG,TT,GG,AG,GG,CC,GG,AG,GG,AA,CC,AA,CC,CC,CC,TT,GG,CC,GG,CASE
CC,AG,TT,AA,GG,GG,CC,AA,AG,?,AA,CC,AA,CC,CC,CC,?,GG,CC,GG,CASE
CC,GG,TT,GG,?,GG,CC,GG,?,GG,AA,CC,AA,CC,CC,CC,TT,GG,CC,GG,CTRL
?,GG,TT,GG,GG,GG,CC,GG,AG,GG,GA,CC,AA,CC,CC,CC,TT,GG,CC,GG,CTRL
CC,GG,TT,GG,GG,GG,CC,GG,AG,GG,AA,CC,AA,CC,CC,CC,TT,GG,CC,GG,CTRL
CC,GG,TT,GG,AG,GG,CC,GG,AG,GG,AA,CC,AA,CC,CC,CC,TT,GG,CC,GG,CTRL
?,GG,TT,?,AA,GG,CC,GG,GG,GG,AA,CC,AA,CC,CC,CC,TT,GG,CC,GG,CTRL
CC,GG,TT,GG,AA,GG,CC,GG,AG,GG,AA,CC,AA,CC,CC,CC,TT,GG,CC,GG,CTRL
CC,?,TT,GG,?,GG,CC,GG,AG,GG,GG,CC,AA,CC,CC,CC,TT,GG,?,GG,CASE
?,GG,?,GG,GG,GG,?,GG,AG,GG,GA,CC,AA,CC,CC,CC,TT,GG,CC,GG,CASE
CC,GG,TT,GG,AG,GG,CC,GG,GG,GG,GA,CC,AA,CC,CC,CC,TT,GG,CC,GG,CTRL
CC,GG,TT,GG,GG,GG,CC,?,AG,GG,GG,CC,AA,CC,CC,CC,TT,GG,GG,GG,CASE
CC,GG,TT,GG,GG,GG,CC,GG,AA,GG,GA,CC,AA,CC,CC,CC,TT,GG,CC,GG,CTRL
CC,GG,TT,GG,AA,GG,CC,GG,AA,GG,?,CC,AA,CC,CC,CC,TT,GG,GG,GG,CTRL
TC,GG,CC,GG,AG,GG,CC,GG,AG,GG,AA,CC,TT,CC,CC,CC,TT,AA,GG,GG,CASE
CC,GG,TT,GG,AG,GG,CC,?,AG,GG,AA,CC,AA,CC,TT,CC,TT,GG,CC,GG,CASE
CC,GG,TT,GG,AG,GG,?,GG,AG,GG,AA,CC,AA,CC,CC,CC,TT,GG,CC,AA,CASE
CC,GG,TT,GG,AG,GG,CC,GG,AA,GG,AA,CC,AA,CC,CC,CC,TT,GG,CC,GG,CTRL
CC,AG,TT,GG,GG,GG,CC,GG,AG,GG,AA,CC,AA,CC,CC,CC,TT,GG,CC,GG,CASE
CC,GG,TT,GG,AG,GG,CC,GG,GG,GG,AA,CC,AA,CC,CC,CC,TT,GG,CC,GG,CASE
CC,GG,TT,GG,AG,GG,CC,GG,AG,GG,AA,CC,AA,CC,CC,CC,TT,GG,CC,GG,CTRL
CC,GG,TT,GG,AA,GG,CC,GG,AG,GG,AA,CC,AA,CC,CC,CC,TT,GG,GG,GG,CTRL
CC,GG,TT,GG,GG,AG,CC,GG,AG,GG,GA,CC,AA,CC,CC,CC,TT,GG,CC,GG,CASE
TC,AA,TT,GG,GG,?,TT,GG,AG,GG,AA,CC,AA,CC,CC,CC,TT,GG,CC,AA,CASE
CC,GG,TT,GG,GG,GG,CC,GG,AG,GG,AA,CC,AA,CC,CC,CC,TT,GG,CC,GG,CTRL
?,GG,?,GG,GG,GG,CC,GG,AG,GG,AA,CC,AA,CC,CC,CC,TT,GG,CC,GG,CASE
CC,AG,TT,AA,GG,GG,CC,AA,AG,?,AA,CC,AA,TT,CC,TT,?,GG,GG,AA,CASE
CC,AG,TT,GG,AA,GG,CC,GG,AG,GG,AA,?,AA,CC,CC,CC,TT,GG,CC,GG,CTRL
CC,AA,TT,GG,AG,GG,CC,GG,GG,GG,AA,CC,AA,CC,CC,CC,TT,GG,CC,GG,CTRL
CC,GG,TT,GG,AA,GG,CC,GG,AG,GG,AA,CC,AA,CC,CC,CC,TT,GG,CC,GG,CASE
CC,?,CT,GG,GG,?,CC,GG,AG,GG,?,CC,AA,CC,CC,CC,TT,GG,CC,GG,CTRL
CC,GG,TT,GG,AG,GG,CC,GG,AG,GG,AA,CC,AA,CC,CC,CC,TT,GG,CC,GG,CTRL
?,GG,TT,GG,GG,GG,CC,GG,AA,GG,?,CC,AA,CC,CC,CC,TT,GG,CC,GG,CASE
CC,GG,?,?,GG,GG,CC,GG,AA,GG,AA,CC,AA,CC,CC,CC,TT,GG,?,GG,CTRL
CC,GG,?,GG,AG,GG,CC,GG,AG,GG,AA,CC,AA,CC,CC,CC,TT,GG,?,GG,CTRL
CC,AG,?,GG,GG,GG,CC,GG,AG,GG,AA,CC,AA,CC,CC,CC,TT,GG,?,GG,CTRL
CC,GG,TT,GG,AG,GG,CC,?,AG,GG,AA,CC,AA,CC,CC,CC,TT,GG,CC,GG,CTRL
CC,GG,TT,GG,AG,GG,CC,GG,AG,GG,AA,CC,AA,CC,CC,CC,TT,GG,CC,GG,CTRL
CC,GG,TT,GG,AG,GG,CC,GG,AG,GG,GA,CC,AA,CC,CC,CC,TT,GG,CC,GG,CTRL
CC,GG,TT,GG,GG,GG,CC,GG,GG,GG,GA,CC,AA,CC,CC,CC,TT,GG,?,GG,CTRL
CC,AG,TT,GG,AA,GG,CC,GG,AG,GG,AA,CC,AA,CC,CC,CC,TT,GG,CC,GG,CTRL
CC,GG,TT,GG,GG,GG,CC,GG,AG,GG,AA,CC,AA,CC,CC,CC,TT,GG,CC,GG,CTRL
?,GG,?,GG,?,GG,?,GG,AG,GG,GA,CC,AA,CC,CC,CC,TT,GG,CC,GG,CTRL
?,GG,?,GG,GG,GG,CC,GG,AA,GG,AA,CC,AA,CC,CC,CC,TT,GG,CC,GG,CTRL
CC,GG,TT,GG,GG,GG,CC,GG,GG,GG,AA,CC,AA,CC,CC,CC,TT,GG,CC,GG,CASE
TC,GG,CC,GG,AG,GG,CC,GG,AG,GG,?,CC,TT,CC,CC,CC,TT,AA,GG,GG,CASE
CC,?,TT,GG,AA,GG,CC,GG,GG,GG,AA,CC,AA,CC,CC,CC,TT,GG,CC,GG,CASE
CC,GG,TT,GG,AG,GG,CC,GG,AG,GG,AA,CC,AA,CC,TT,CC,TT,GG,CC,GG,CASE
CC,?,TT,AA,AG,GG,CC,AA,AG,AA,?,CC,AA,TT,CC,TT,CC,GG,GG,AA,CASE
CC,GG,?,GG,GG,GG,CC,GG,AG,GG,AA,CC,AA,CC,CC,CC,TT,GG,CC,GG,CTRL
CC,AG,TT,AA,AG,GG,CC,AA,AG,?,AA,CC,AA,TT,CC,TT,?,GG,CC,AA,CASE
?,?,TT,GG,AG,GG,CC,GG,AG,GG,AA,CC,AA,CC,CC,CC,TT,GG,?,GG,CTRL
CC,GG,TT,GG,AG,GG,CC,GG,GG,GG,AA,CC,AA,CC,TT,CC,TT,GG,CC,GG,CASE
TT,AG,TT,GG,AA,GG,CC,GG,AG,GG,AA,CC,AA,CC,CC,CC,TT,GG,CC,GG,CASE
CC,GG,TT,GG,AG,GG,CC,GG,AA,GG,AA,CC,AA,CC,CC,CC,TT,GG,CC,GG,CTRL
